[2025-11-17 05:40:03] laravel.EMERGENCY: Unable to create configured logger. Using emergency logger. {"exception":"[object] (InvalidArgumentException(code: 0): Log [] is not defined. at /Users/mr/PhpstormProjects/book-review-portal/vendor/laravel/framework/src/Illuminate/Log/LogManager.php:200)
[stacktrace]
#0 /Users/mr/PhpstormProjects/book-review-portal/vendor/laravel/framework/src/Illuminate/Log/LogManager.php(125): Illuminate\\Log\\LogManager->resolve(NULL, NULL)
#1 /Users/mr/PhpstormProjects/book-review-portal/vendor/laravel/framework/src/Illuminate/Log/LogManager.php(112): Illuminate\\Log\\LogManager->get(NULL)
#2 /Users/mr/PhpstormProjects/book-review-portal/vendor/laravel/framework/src/Illuminate/Log/LogManager.php(590): Illuminate\\Log\\LogManager->driver()
#3 /Users/mr/PhpstormProjects/book-review-portal/vendor/laravel/framework/src/Illuminate/Foundation/Exceptions/Handler.php(252): Illuminate\\Log\\LogManager->error('Method Illumina...', Array)
#4 /Users/mr/PhpstormProjects/book-review-portal/vendor/nunomaduro/collision/src/Adapters/Laravel/ExceptionHandler.php(46): Illuminate\\Foundation\\Exceptions\\Handler->report(Object(BadMethodCallException))
#5 /Users/mr/PhpstormProjects/book-review-portal/vendor/laravel/framework/src/Illuminate/Foundation/Console/Kernel.php(366): NunoMaduro\\Collision\\Adapters\\Laravel\\ExceptionHandler->report(Object(BadMethodCallException))
#6 /Users/mr/PhpstormProjects/book-review-portal/vendor/laravel/framework/src/Illuminate/Foundation/Console/Kernel.php(131): Illuminate\\Foundation\\Console\\Kernel->reportException(Object(BadMethodCallException))
#7 /Users/mr/PhpstormProjects/book-review-portal/artisan(16): Illuminate\\Foundation\\Console\\Kernel->handle(Object(Symfony\\Component\\Console\\Input\\ArgvInput), Object(Symfony\\Component\\Console\\Output\\ConsoleOutput))
#8 {main}
"} 
[2025-11-17 05:40:03] laravel.ERROR: Method Illuminate\Foundation\Console\ClosureCommand::hourly does not exist. {"exception":"[object] (BadMethodCallException(code: 0): Method Illuminate\\Foundation\\Console\\ClosureCommand::hourly does not exist. at /Users/mr/PhpstormProjects/book-review-portal/vendor/laravel/framework/src/Illuminate/Macroable/Traits/Macroable.php:113)
[stacktrace]
#0 /Users/mr/PhpstormProjects/book-review-portal/routes/console.php(8): Illuminate\\Console\\Command->__call('hourly', Array)
#1 /Users/mr/PhpstormProjects/book-review-portal/app/Console/Kernel.php(39): require('/Users/mr/Phpst...')
#2 /Users/mr/PhpstormProjects/book-review-portal/vendor/laravel/framework/src/Illuminate/Foundation/Console/Kernel.php(316): App\\Console\\Kernel->commands()
#3 /Users/mr/PhpstormProjects/book-review-portal/vendor/laravel/framework/src/Illuminate/Foundation/Console/Kernel.php(127): Illuminate\\Foundation\\Console\\Kernel->bootstrap()
#4 /Users/mr/PhpstormProjects/book-review-portal/artisan(16): Illuminate\\Foundation\\Console\\Kernel->handle(Object(Symfony\\Component\\Console\\Input\\ArgvInput), Object(Symfony\\Component\\Console\\Output\\ConsoleOutput))
#5 {main}
"} 
[2025-11-17 05:41:09] laravel.EMERGENCY: Unable to create configured logger. Using emergency logger. {"exception":"[object] (InvalidArgumentException(code: 0): Log [] is not defined. at /Users/mr/PhpstormProjects/book-review-portal/vendor/laravel/framework/src/Illuminate/Log/LogManager.php:200)
[stacktrace]
#0 /Users/mr/PhpstormProjects/book-review-portal/vendor/laravel/framework/src/Illuminate/Log/LogManager.php(125): Illuminate\\Log\\LogManager->resolve(NULL, NULL)
#1 /Users/mr/PhpstormProjects/book-review-portal/vendor/laravel/framework/src/Illuminate/Log/LogManager.php(112): Illuminate\\Log\\LogManager->get(NULL)
#2 /Users/mr/PhpstormProjects/book-review-portal/vendor/laravel/framework/src/Illuminate/Log/LogManager.php(590): Illuminate\\Log\\LogManager->driver()
#3 /Users/mr/PhpstormProjects/book-review-portal/vendor/laravel/framework/src/Illuminate/Foundation/Exceptions/Handler.php(252): Illuminate\\Log\\LogManager->error('file_get_conten...', Array)
#4 /Users/mr/PhpstormProjects/book-review-portal/vendor/nunomaduro/collision/src/Adapters/Laravel/ExceptionHandler.php(46): Illuminate\\Foundation\\Exceptions\\Handler->report(Object(ErrorException))
#5 /Users/mr/PhpstormProjects/book-review-portal/vendor/laravel/framework/src/Illuminate/Foundation/Console/Kernel.php(366): NunoMaduro\\Collision\\Adapters\\Laravel\\ExceptionHandler->report(Object(ErrorException))
#6 /Users/mr/PhpstormProjects/book-review-portal/vendor/laravel/framework/src/Illuminate/Foundation/Console/Kernel.php(131): Illuminate\\Foundation\\Console\\Kernel->reportException(Object(ErrorException))
#7 /Users/mr/PhpstormProjects/book-review-portal/artisan(16): Illuminate\\Foundation\\Console\\Kernel->handle(Object(Symfony\\Component\\Console\\Input\\ArgvInput), Object(Symfony\\Component\\Console\\Output\\ConsoleOutput))
#8 {main}
"} 
[2025-11-17 05:41:09] laravel.ERROR: file_get_contents(/Users/mr/PhpstormProjects/book-review-portal/.env): failed to open stream: No such file or directory {"exception":"[object] (ErrorException(code: 0): file_get_contents(/Users/mr/PhpstormProjects/book-review-portal/.env): failed to open stream: No such file or directory at /Users/mr/PhpstormProjects/book-review-portal/vendor/laravel/framework/src/Illuminate/Foundation/Console/KeyGenerateCommand.php:96)
[stacktrace]
#0 [internal function]: Illuminate\\Foundation\\Bootstrap\\HandleExceptions->handleError(2, 'file_get_conten...', '/Users/mr/Phpst...', 96, Array)
#1 /Users/mr/PhpstormProjects/book-review-portal/vendor/laravel/framework/src/Illuminate/Foundation/Console/KeyGenerateCommand.php(96): file_get_contents('/Users/mr/Phpst...')
#2 /Users/mr/PhpstormProjects/book-review-portal/vendor/laravel/framework/src/Illuminate/Foundation/Console/KeyGenerateCommand.php(80): Illuminate\\Foundation\\Console\\KeyGenerateCommand->writeNewEnvironmentFileWith('base64:PHgYm09r...')
#3 /Users/mr/PhpstormProjects/book-review-portal/vendor/laravel/framework/src/Illuminate/Foundation/Console/KeyGenerateCommand.php(45): Illuminate\\Foundation\\Console\\KeyGenerateCommand->setKeyInEnvironmentFile('base64:PHgYm09r...')
#4 /Users/mr/PhpstormProjects/book-review-portal/vendor/laravel/framework/src/Illuminate/Container/BoundMethod.php(36): Illuminate\\Foundation\\Console\\KeyGenerateCommand->handle()
#5 /Users/mr/PhpstormProjects/book-review-portal/vendor/laravel/framework/src/Illuminate/Container/Util.php(40): Illuminate\\Container\\BoundMethod::Illuminate\\Container\\{closure}()
#6 /Users/mr/PhpstormProjects/book-review-portal/vendor/laravel/framework/src/Illuminate/Container/BoundMethod.php(93): Illuminate\\Container\\Util::unwrapIfClosure(Object(Closure))
#7 /Users/mr/PhpstormProjects/book-review-portal/vendor/laravel/framework/src/Illuminate/Container/BoundMethod.php(37): Illuminate\\Container\\BoundMethod::callBoundMethod(Object(Illuminate\\Foundation\\Application), Array, Object(Closure))
#8 /Users/mr/PhpstormProjects/book-review-portal/vendor/laravel/framework/src/Illuminate/Container/Container.php(653): Illuminate\\Container\\BoundMethod::call(Object(Illuminate\\Foundation\\Application), Array, Array, NULL)
#9 /Users/mr/PhpstormProjects/book-review-portal/vendor/laravel/framework/src/Illuminate/Console/Command.php(136): Illuminate\\Container\\Container->call(Array)
#10 /Users/mr/PhpstormProjects/book-review-portal/vendor/symfony/console/Command/Command.php(298): Illuminate\\Console\\Command->execute(Object(Symfony\\Component\\Console\\Input\\ArgvInput), Object(Illuminate\\Console\\OutputStyle))
#11 /Users/mr/PhpstormProjects/book-review-portal/vendor/laravel/framework/src/Illuminate/Console/Command.php(121): Symfony\\Component\\Console\\Command\\Command->run(Object(Symfony\\Component\\Console\\Input\\ArgvInput), Object(Illuminate\\Console\\OutputStyle))
#12 /Users/mr/PhpstormProjects/book-review-portal/vendor/symfony/console/Application.php(1040): Illuminate\\Console\\Command->run(Object(Symfony\\Component\\Console\\Input\\ArgvInput), Object(Symfony\\Component\\Console\\Output\\ConsoleOutput))
#13 /Users/mr/PhpstormProjects/book-review-portal/vendor/symfony/console/Application.php(301): Symfony\\Component\\Console\\Application->doRunCommand(Object(Illuminate\\Foundation\\Console\\KeyGenerateCommand), Object(Symfony\\Component\\Console\\Input\\ArgvInput), Object(Symfony\\Component\\Console\\Output\\ConsoleOutput))
#14 /Users/mr/PhpstormProjects/book-review-portal/vendor/symfony/console/Application.php(171): Symfony\\Component\\Console\\Application->doRun(Object(Symfony\\Component\\Console\\Input\\ArgvInput), Object(Symfony\\Component\\Console\\Output\\ConsoleOutput))
#15 /Users/mr/PhpstormProjects/book-review-portal/vendor/laravel/framework/src/Illuminate/Console/Application.php(94): Symfony\\Component\\Console\\Application->run(Object(Symfony\\Component\\Console\\Input\\ArgvInput), Object(Symfony\\Component\\Console\\Output\\ConsoleOutput))
#16 /Users/mr/PhpstormProjects/book-review-portal/vendor/laravel/framework/src/Illuminate/Foundation/Console/Kernel.php(129): Illuminate\\Console\\Application->run(Object(Symfony\\Component\\Console\\Input\\ArgvInput), Object(Symfony\\Component\\Console\\Output\\ConsoleOutput))
#17 /Users/mr/PhpstormProjects/book-review-portal/artisan(16): Illuminate\\Foundation\\Console\\Kernel->handle(Object(Symfony\\Component\\Console\\Input\\ArgvInput), Object(Symfony\\Component\\Console\\Output\\ConsoleOutput))
#18 {main}
"} 
[2025-11-17 05:43:16] laravel.EMERGENCY: Unable to create configured logger. Using emergency logger. {"exception":"[object] (InvalidArgumentException(code: 0): Log [] is not defined. at /Users/mr/PhpstormProjects/book-review-portal/vendor/laravel/framework/src/Illuminate/Log/LogManager.php:200)
[stacktrace]
#0 /Users/mr/PhpstormProjects/book-review-portal/vendor/laravel/framework/src/Illuminate/Log/LogManager.php(125): Illuminate\\Log\\LogManager->resolve(NULL, NULL)
#1 /Users/mr/PhpstormProjects/book-review-portal/vendor/laravel/framework/src/Illuminate/Log/LogManager.php(112): Illuminate\\Log\\LogManager->get(NULL)
#2 /Users/mr/PhpstormProjects/book-review-portal/vendor/laravel/framework/src/Illuminate/Log/LogManager.php(590): Illuminate\\Log\\LogManager->driver()
#3 /Users/mr/PhpstormProjects/book-review-portal/vendor/laravel/framework/src/Illuminate/Foundation/Exceptions/Handler.php(252): Illuminate\\Log\\LogManager->error('SQLSTATE[HY000]...', Array)
#4 /Users/mr/PhpstormProjects/book-review-portal/vendor/nunomaduro/collision/src/Adapters/Laravel/ExceptionHandler.php(46): Illuminate\\Foundation\\Exceptions\\Handler->report(Object(Illuminate\\Database\\QueryException))
#5 /Users/mr/PhpstormProjects/book-review-portal/vendor/laravel/framework/src/Illuminate/Foundation/Console/Kernel.php(366): NunoMaduro\\Collision\\Adapters\\Laravel\\ExceptionHandler->report(Object(Illuminate\\Database\\QueryException))
#6 /Users/mr/PhpstormProjects/book-review-portal/vendor/laravel/framework/src/Illuminate/Foundation/Console/Kernel.php(131): Illuminate\\Foundation\\Console\\Kernel->reportException(Object(Illuminate\\Database\\QueryException))
#7 /Users/mr/PhpstormProjects/book-review-portal/artisan(16): Illuminate\\Foundation\\Console\\Kernel->handle(Object(Symfony\\Component\\Console\\Input\\ArgvInput), Object(Symfony\\Component\\Console\\Output\\ConsoleOutput))
#8 {main}
"} 
[2025-11-17 05:43:16] laravel.ERROR: SQLSTATE[HY000] [1049] Unknown database 'book_review_portal' (SQL: select * from information_schema.tables where table_schema = book_review_portal and table_name = migrations and table_type = 'BASE TABLE') {"exception":"[object] (Illuminate\\Database\\QueryException(code: 1049): SQLSTATE[HY000] [1049] Unknown database 'book_review_portal' (SQL: select * from information_schema.tables where table_schema = book_review_portal and table_name = migrations and table_type = 'BASE TABLE') at /Users/mr/PhpstormProjects/book-review-portal/vendor/laravel/framework/src/Illuminate/Database/Connection.php:712)
[stacktrace]
#0 /Users/mr/PhpstormProjects/book-review-portal/vendor/laravel/framework/src/Illuminate/Database/Connection.php(672): Illuminate\\Database\\Connection->runQueryCallback('select * from i...', Array, Object(Closure))
#1 /Users/mr/PhpstormProjects/book-review-portal/vendor/laravel/framework/src/Illuminate/Database/Connection.php(376): Illuminate\\Database\\Connection->run('select * from i...', Array, Object(Closure))
#2 /Users/mr/PhpstormProjects/book-review-portal/vendor/laravel/framework/src/Illuminate/Database/Schema/MySqlBuilder.php(44): Illuminate\\Database\\Connection->select('select * from i...', Array)
#3 /Users/mr/PhpstormProjects/book-review-portal/vendor/laravel/framework/src/Illuminate/Database/Migrations/DatabaseMigrationRepository.php(169): Illuminate\\Database\\Schema\\MySqlBuilder->hasTable('migrations')
#4 /Users/mr/PhpstormProjects/book-review-portal/vendor/laravel/framework/src/Illuminate/Database/Migrations/Migrator.php(673): Illuminate\\Database\\Migrations\\DatabaseMigrationRepository->repositoryExists()
#5 /Users/mr/PhpstormProjects/book-review-portal/vendor/laravel/framework/src/Illuminate/Database/Console/Migrations/MigrateCommand.php(110): Illuminate\\Database\\Migrations\\Migrator->repositoryExists()
#6 /Users/mr/PhpstormProjects/book-review-portal/vendor/laravel/framework/src/Illuminate/Database/Console/Migrations/MigrateCommand.php(78): Illuminate\\Database\\Console\\Migrations\\MigrateCommand->prepareDatabase()
#7 /Users/mr/PhpstormProjects/book-review-portal/vendor/laravel/framework/src/Illuminate/Database/Migrations/Migrator.php(606): Illuminate\\Database\\Console\\Migrations\\MigrateCommand->Illuminate\\Database\\Console\\Migrations\\{closure}()
#8 /Users/mr/PhpstormProjects/book-review-portal/vendor/laravel/framework/src/Illuminate/Database/Console/Migrations/MigrateCommand.php(98): Illuminate\\Database\\Migrations\\Migrator->usingConnection(NULL, Object(Closure))
#9 /Users/mr/PhpstormProjects/book-review-portal/vendor/laravel/framework/src/Illuminate/Container/BoundMethod.php(36): Illuminate\\Database\\Console\\Migrations\\MigrateCommand->handle()
#10 /Users/mr/PhpstormProjects/book-review-portal/vendor/laravel/framework/src/Illuminate/Container/Util.php(40): Illuminate\\Container\\BoundMethod::Illuminate\\Container\\{closure}()
#11 /Users/mr/PhpstormProjects/book-review-portal/vendor/laravel/framework/src/Illuminate/Container/BoundMethod.php(93): Illuminate\\Container\\Util::unwrapIfClosure(Object(Closure))
#12 /Users/mr/PhpstormProjects/book-review-portal/vendor/laravel/framework/src/Illuminate/Container/BoundMethod.php(37): Illuminate\\Container\\BoundMethod::callBoundMethod(Object(Illuminate\\Foundation\\Application), Array, Object(Closure))
#13 /Users/mr/PhpstormProjects/book-review-portal/vendor/laravel/framework/src/Illuminate/Container/Container.php(653): Illuminate\\Container\\BoundMethod::call(Object(Illuminate\\Foundation\\Application), Array, Array, NULL)
#14 /Users/mr/PhpstormProjects/book-review-portal/vendor/laravel/framework/src/Illuminate/Console/Command.php(136): Illuminate\\Container\\Container->call(Array)
#15 /Users/mr/PhpstormProjects/book-review-portal/vendor/symfony/console/Command/Command.php(298): Illuminate\\Console\\Command->execute(Object(Symfony\\Component\\Console\\Input\\ArgvInput), Object(Illuminate\\Console\\OutputStyle))
#16 /Users/mr/PhpstormProjects/book-review-portal/vendor/laravel/framework/src/Illuminate/Console/Command.php(121): Symfony\\Component\\Console\\Command\\Command->run(Object(Symfony\\Component\\Console\\Input\\ArgvInput), Object(Illuminate\\Console\\OutputStyle))
#17 /Users/mr/PhpstormProjects/book-review-portal/vendor/symfony/console/Application.php(1040): Illuminate\\Console\\Command->run(Object(Symfony\\Component\\Console\\Input\\ArgvInput), Object(Symfony\\Component\\Console\\Output\\ConsoleOutput))
#18 /Users/mr/PhpstormProjects/book-review-portal/vendor/symfony/console/Application.php(301): Symfony\\Component\\Console\\Application->doRunCommand(Object(Illuminate\\Database\\Console\\Migrations\\MigrateCommand), Object(Symfony\\Component\\Console\\Input\\ArgvInput), Object(Symfony\\Component\\Console\\Output\\ConsoleOutput))
#19 /Users/mr/PhpstormProjects/book-review-portal/vendor/symfony/console/Application.php(171): Symfony\\Component\\Console\\Application->doRun(Object(Symfony\\Component\\Console\\Input\\ArgvInput), Object(Symfony\\Component\\Console\\Output\\ConsoleOutput))
#20 /Users/mr/PhpstormProjects/book-review-portal/vendor/laravel/framework/src/Illuminate/Console/Application.php(94): Symfony\\Component\\Console\\Application->run(Object(Symfony\\Component\\Console\\Input\\ArgvInput), Object(Symfony\\Component\\Console\\Output\\ConsoleOutput))
#21 /Users/mr/PhpstormProjects/book-review-portal/vendor/laravel/framework/src/Illuminate/Foundation/Console/Kernel.php(129): Illuminate\\Console\\Application->run(Object(Symfony\\Component\\Console\\Input\\ArgvInput), Object(Symfony\\Component\\Console\\Output\\ConsoleOutput))
#22 /Users/mr/PhpstormProjects/book-review-portal/artisan(16): Illuminate\\Foundation\\Console\\Kernel->handle(Object(Symfony\\Component\\Console\\Input\\ArgvInput), Object(Symfony\\Component\\Console\\Output\\ConsoleOutput))
#23 {main}

[previous exception] [object] (PDOException(code: 1049): SQLSTATE[HY000] [1049] Unknown database 'book_review_portal' at /Users/mr/PhpstormProjects/book-review-portal/vendor/laravel/framework/src/Illuminate/Database/Connectors/Connector.php:70)
[stacktrace]
#0 /Users/mr/PhpstormProjects/book-review-portal/vendor/laravel/framework/src/Illuminate/Database/Connectors/Connector.php(70): PDO->__construct('mysql:host=127....', 'root', '', Array)
#1 /Users/mr/PhpstormProjects/book-review-portal/vendor/laravel/framework/src/Illuminate/Database/Connectors/Connector.php(46): Illuminate\\Database\\Connectors\\Connector->createPdoConnection('mysql:host=127....', 'root', '', Array)
#2 /Users/mr/PhpstormProjects/book-review-portal/vendor/laravel/framework/src/Illuminate/Database/Connectors/MySqlConnector.php(24): Illuminate\\Database\\Connectors\\Connector->createConnection('mysql:host=127....', Array, Array)
#3 /Users/mr/PhpstormProjects/book-review-portal/vendor/laravel/framework/src/Illuminate/Database/Connectors/ConnectionFactory.php(184): Illuminate\\Database\\Connectors\\MySqlConnector->connect(Array)
#4 [internal function]: Illuminate\\Database\\Connectors\\ConnectionFactory->Illuminate\\Database\\Connectors\\{closure}()
#5 /Users/mr/PhpstormProjects/book-review-portal/vendor/laravel/framework/src/Illuminate/Database/Connection.php(1064): call_user_func(Object(Closure))
#6 /Users/mr/PhpstormProjects/book-review-portal/vendor/laravel/framework/src/Illuminate/Database/Connection.php(1100): Illuminate\\Database\\Connection->getPdo()
#7 /Users/mr/PhpstormProjects/book-review-portal/vendor/laravel/framework/src/Illuminate/Database/Connection.php(442): Illuminate\\Database\\Connection->getReadPdo()
#8 /Users/mr/PhpstormProjects/book-review-portal/vendor/laravel/framework/src/Illuminate/Database/Connection.php(368): Illuminate\\Database\\Connection->getPdoForSelect(true)
#9 /Users/mr/PhpstormProjects/book-review-portal/vendor/laravel/framework/src/Illuminate/Database/Connection.php(705): Illuminate\\Database\\Connection->Illuminate\\Database\\{closure}('select * from i...', Array)
#10 /Users/mr/PhpstormProjects/book-review-portal/vendor/laravel/framework/src/Illuminate/Database/Connection.php(672): Illuminate\\Database\\Connection->runQueryCallback('select * from i...', Array, Object(Closure))
#11 /Users/mr/PhpstormProjects/book-review-portal/vendor/laravel/framework/src/Illuminate/Database/Connection.php(376): Illuminate\\Database\\Connection->run('select * from i...', Array, Object(Closure))
#12 /Users/mr/PhpstormProjects/book-review-portal/vendor/laravel/framework/src/Illuminate/Database/Schema/MySqlBuilder.php(44): Illuminate\\Database\\Connection->select('select * from i...', Array)
#13 /Users/mr/PhpstormProjects/book-review-portal/vendor/laravel/framework/src/Illuminate/Database/Migrations/DatabaseMigrationRepository.php(169): Illuminate\\Database\\Schema\\MySqlBuilder->hasTable('migrations')
#14 /Users/mr/PhpstormProjects/book-review-portal/vendor/laravel/framework/src/Illuminate/Database/Migrations/Migrator.php(673): Illuminate\\Database\\Migrations\\DatabaseMigrationRepository->repositoryExists()
#15 /Users/mr/PhpstormProjects/book-review-portal/vendor/laravel/framework/src/Illuminate/Database/Console/Migrations/MigrateCommand.php(110): Illuminate\\Database\\Migrations\\Migrator->repositoryExists()
#16 /Users/mr/PhpstormProjects/book-review-portal/vendor/laravel/framework/src/Illuminate/Database/Console/Migrations/MigrateCommand.php(78): Illuminate\\Database\\Console\\Migrations\\MigrateCommand->prepareDatabase()
#17 /Users/mr/PhpstormProjects/book-review-portal/vendor/laravel/framework/src/Illuminate/Database/Migrations/Migrator.php(606): Illuminate\\Database\\Console\\Migrations\\MigrateCommand->Illuminate\\Database\\Console\\Migrations\\{closure}()
#18 /Users/mr/PhpstormProjects/book-review-portal/vendor/laravel/framework/src/Illuminate/Database/Console/Migrations/MigrateCommand.php(98): Illuminate\\Database\\Migrations\\Migrator->usingConnection(NULL, Object(Closure))
#19 /Users/mr/PhpstormProjects/book-review-portal/vendor/laravel/framework/src/Illuminate/Container/BoundMethod.php(36): Illuminate\\Database\\Console\\Migrations\\MigrateCommand->handle()
#20 /Users/mr/PhpstormProjects/book-review-portal/vendor/laravel/framework/src/Illuminate/Container/Util.php(40): Illuminate\\Container\\BoundMethod::Illuminate\\Container\\{closure}()
#21 /Users/mr/PhpstormProjects/book-review-portal/vendor/laravel/framework/src/Illuminate/Container/BoundMethod.php(93): Illuminate\\Container\\Util::unwrapIfClosure(Object(Closure))
#22 /Users/mr/PhpstormProjects/book-review-portal/vendor/laravel/framework/src/Illuminate/Container/BoundMethod.php(37): Illuminate\\Container\\BoundMethod::callBoundMethod(Object(Illuminate\\Foundation\\Application), Array, Object(Closure))
#23 /Users/mr/PhpstormProjects/book-review-portal/vendor/laravel/framework/src/Illuminate/Container/Container.php(653): Illuminate\\Container\\BoundMethod::call(Object(Illuminate\\Foundation\\Application), Array, Array, NULL)
#24 /Users/mr/PhpstormProjects/book-review-portal/vendor/laravel/framework/src/Illuminate/Console/Command.php(136): Illuminate\\Container\\Container->call(Array)
#25 /Users/mr/PhpstormProjects/book-review-portal/vendor/symfony/console/Command/Command.php(298): Illuminate\\Console\\Command->execute(Object(Symfony\\Component\\Console\\Input\\ArgvInput), Object(Illuminate\\Console\\OutputStyle))
#26 /Users/mr/PhpstormProjects/book-review-portal/vendor/laravel/framework/src/Illuminate/Console/Command.php(121): Symfony\\Component\\Console\\Command\\Command->run(Object(Symfony\\Component\\Console\\Input\\ArgvInput), Object(Illuminate\\Console\\OutputStyle))
#27 /Users/mr/PhpstormProjects/book-review-portal/vendor/symfony/console/Application.php(1040): Illuminate\\Console\\Command->run(Object(Symfony\\Component\\Console\\Input\\ArgvInput), Object(Symfony\\Component\\Console\\Output\\ConsoleOutput))
#28 /Users/mr/PhpstormProjects/book-review-portal/vendor/symfony/console/Application.php(301): Symfony\\Component\\Console\\Application->doRunCommand(Object(Illuminate\\Database\\Console\\Migrations\\MigrateCommand), Object(Symfony\\Component\\Console\\Input\\ArgvInput), Object(Symfony\\Component\\Console\\Output\\ConsoleOutput))
#29 /Users/mr/PhpstormProjects/book-review-portal/vendor/symfony/console/Application.php(171): Symfony\\Component\\Console\\Application->doRun(Object(Symfony\\Component\\Console\\Input\\ArgvInput), Object(Symfony\\Component\\Console\\Output\\ConsoleOutput))
#30 /Users/mr/PhpstormProjects/book-review-portal/vendor/laravel/framework/src/Illuminate/Console/Application.php(94): Symfony\\Component\\Console\\Application->run(Object(Symfony\\Component\\Console\\Input\\ArgvInput), Object(Symfony\\Component\\Console\\Output\\ConsoleOutput))
#31 /Users/mr/PhpstormProjects/book-review-portal/vendor/laravel/framework/src/Illuminate/Foundation/Console/Kernel.php(129): Illuminate\\Console\\Application->run(Object(Symfony\\Component\\Console\\Input\\ArgvInput), Object(Symfony\\Component\\Console\\Output\\ConsoleOutput))
#32 /Users/mr/PhpstormProjects/book-review-portal/artisan(16): Illuminate\\Foundation\\Console\\Kernel->handle(Object(Symfony\\Component\\Console\\Input\\ArgvInput), Object(Symfony\\Component\\Console\\Output\\ConsoleOutput))
#33 {main}
"} 
[2025-11-17 05:44:27] laravel.EMERGENCY: Unable to create configured logger. Using emergency logger. {"exception":"[object] (InvalidArgumentException(code: 0): Log [] is not defined. at /Users/mr/PhpstormProjects/book-review-portal/vendor/laravel/framework/src/Illuminate/Log/LogManager.php:200)
[stacktrace]
#0 /Users/mr/PhpstormProjects/book-review-portal/vendor/laravel/framework/src/Illuminate/Log/LogManager.php(125): Illuminate\\Log\\LogManager->resolve(NULL, NULL)
#1 /Users/mr/PhpstormProjects/book-review-portal/vendor/laravel/framework/src/Illuminate/Log/LogManager.php(112): Illuminate\\Log\\LogManager->get(NULL)
#2 /Users/mr/PhpstormProjects/book-review-portal/vendor/laravel/framework/src/Illuminate/Log/LogManager.php(590): Illuminate\\Log\\LogManager->driver()
#3 /Users/mr/PhpstormProjects/book-review-portal/vendor/laravel/framework/src/Illuminate/Foundation/Exceptions/Handler.php(252): Illuminate\\Log\\LogManager->error('SQLSTATE[42000]...', Array)
#4 /Users/mr/PhpstormProjects/book-review-portal/vendor/nunomaduro/collision/src/Adapters/Laravel/ExceptionHandler.php(46): Illuminate\\Foundation\\Exceptions\\Handler->report(Object(Illuminate\\Database\\QueryException))
#5 /Users/mr/PhpstormProjects/book-review-portal/vendor/laravel/framework/src/Illuminate/Foundation/Console/Kernel.php(366): NunoMaduro\\Collision\\Adapters\\Laravel\\ExceptionHandler->report(Object(Illuminate\\Database\\QueryException))
#6 /Users/mr/PhpstormProjects/book-review-portal/vendor/laravel/framework/src/Illuminate/Foundation/Console/Kernel.php(131): Illuminate\\Foundation\\Console\\Kernel->reportException(Object(Illuminate\\Database\\QueryException))
#7 /Users/mr/PhpstormProjects/book-review-portal/artisan(16): Illuminate\\Foundation\\Console\\Kernel->handle(Object(Symfony\\Component\\Console\\Input\\ArgvInput), Object(Symfony\\Component\\Console\\Output\\ConsoleOutput))
#8 {main}
"} 
[2025-11-17 05:44:27] laravel.ERROR: SQLSTATE[42000]: Syntax error or access violation: 1061 Duplicate key name 'reports_reportable_type_reportable_id_index' (SQL: alter table `reports` add index `reports_reportable_type_reportable_id_index`(`reportable_type`, `reportable_id`)) {"exception":"[object] (Illuminate\\Database\\QueryException(code: 42000): SQLSTATE[42000]: Syntax error or access violation: 1061 Duplicate key name 'reports_reportable_type_reportable_id_index' (SQL: alter table `reports` add index `reports_reportable_type_reportable_id_index`(`reportable_type`, `reportable_id`)) at /Users/mr/PhpstormProjects/book-review-portal/vendor/laravel/framework/src/Illuminate/Database/Connection.php:712)
[stacktrace]
#0 /Users/mr/PhpstormProjects/book-review-portal/vendor/laravel/framework/src/Illuminate/Database/Connection.php(672): Illuminate\\Database\\Connection->runQueryCallback('alter table `re...', Array, Object(Closure))
#1 /Users/mr/PhpstormProjects/book-review-portal/vendor/laravel/framework/src/Illuminate/Database/Connection.php(502): Illuminate\\Database\\Connection->run('alter table `re...', Array, Object(Closure))
#2 /Users/mr/PhpstormProjects/book-review-portal/vendor/laravel/framework/src/Illuminate/Database/Schema/Blueprint.php(109): Illuminate\\Database\\Connection->statement('alter table `re...')
#3 /Users/mr/PhpstormProjects/book-review-portal/vendor/laravel/framework/src/Illuminate/Database/Schema/Builder.php(364): Illuminate\\Database\\Schema\\Blueprint->build(Object(Illuminate\\Database\\MySqlConnection), Object(Illuminate\\Database\\Schema\\Grammars\\MySqlGrammar))
#4 /Users/mr/PhpstormProjects/book-review-portal/vendor/laravel/framework/src/Illuminate/Database/Schema/Builder.php(227): Illuminate\\Database\\Schema\\Builder->build(Object(Illuminate\\Database\\Schema\\Blueprint))
#5 /Users/mr/PhpstormProjects/book-review-portal/vendor/laravel/framework/src/Illuminate/Support/Facades/Facade.php(261): Illuminate\\Database\\Schema\\Builder->create('reports', Object(Closure))
#6 /Users/mr/PhpstormProjects/book-review-portal/database/migrations/2024_01_01_000005_create_reports_table.php(27): Illuminate\\Support\\Facades\\Facade::__callStatic('create', Array)
#7 /Users/mr/PhpstormProjects/book-review-portal/vendor/laravel/framework/src/Illuminate/Database/Migrations/Migrator.php(472): class@anonymous->up()
#8 /Users/mr/PhpstormProjects/book-review-portal/vendor/laravel/framework/src/Illuminate/Database/Migrations/Migrator.php(394): Illuminate\\Database\\Migrations\\Migrator->runMethod(Object(Illuminate\\Database\\MySqlConnection), Object(class@anonymous), 'up')
#9 /Users/mr/PhpstormProjects/book-review-portal/vendor/laravel/framework/src/Illuminate/Database/Migrations/Migrator.php(403): Illuminate\\Database\\Migrations\\Migrator->Illuminate\\Database\\Migrations\\{closure}()
#10 /Users/mr/PhpstormProjects/book-review-portal/vendor/laravel/framework/src/Illuminate/Database/Migrations/Migrator.php(202): Illuminate\\Database\\Migrations\\Migrator->runMigration(Object(class@anonymous), 'up')
#11 /Users/mr/PhpstormProjects/book-review-portal/vendor/laravel/framework/src/Illuminate/Database/Migrations/Migrator.php(167): Illuminate\\Database\\Migrations\\Migrator->runUp('/Users/mr/Phpst...', 1, false)
#12 /Users/mr/PhpstormProjects/book-review-portal/vendor/laravel/framework/src/Illuminate/Database/Migrations/Migrator.php(112): Illuminate\\Database\\Migrations\\Migrator->runPending(Array, Array)
#13 /Users/mr/PhpstormProjects/book-review-portal/vendor/laravel/framework/src/Illuminate/Database/Console/Migrations/MigrateCommand.php(86): Illuminate\\Database\\Migrations\\Migrator->run(Array, Array)
#14 /Users/mr/PhpstormProjects/book-review-portal/vendor/laravel/framework/src/Illuminate/Database/Migrations/Migrator.php(606): Illuminate\\Database\\Console\\Migrations\\MigrateCommand->Illuminate\\Database\\Console\\Migrations\\{closure}()
#15 /Users/mr/PhpstormProjects/book-review-portal/vendor/laravel/framework/src/Illuminate/Database/Console/Migrations/MigrateCommand.php(98): Illuminate\\Database\\Migrations\\Migrator->usingConnection(NULL, Object(Closure))
#16 /Users/mr/PhpstormProjects/book-review-portal/vendor/laravel/framework/src/Illuminate/Container/BoundMethod.php(36): Illuminate\\Database\\Console\\Migrations\\MigrateCommand->handle()
#17 /Users/mr/PhpstormProjects/book-review-portal/vendor/laravel/framework/src/Illuminate/Container/Util.php(40): Illuminate\\Container\\BoundMethod::Illuminate\\Container\\{closure}()
#18 /Users/mr/PhpstormProjects/book-review-portal/vendor/laravel/framework/src/Illuminate/Container/BoundMethod.php(93): Illuminate\\Container\\Util::unwrapIfClosure(Object(Closure))
#19 /Users/mr/PhpstormProjects/book-review-portal/vendor/laravel/framework/src/Illuminate/Container/BoundMethod.php(37): Illuminate\\Container\\BoundMethod::callBoundMethod(Object(Illuminate\\Foundation\\Application), Array, Object(Closure))
#20 /Users/mr/PhpstormProjects/book-review-portal/vendor/laravel/framework/src/Illuminate/Container/Container.php(653): Illuminate\\Container\\BoundMethod::call(Object(Illuminate\\Foundation\\Application), Array, Array, NULL)
#21 /Users/mr/PhpstormProjects/book-review-portal/vendor/laravel/framework/src/Illuminate/Console/Command.php(136): Illuminate\\Container\\Container->call(Array)
#22 /Users/mr/PhpstormProjects/book-review-portal/vendor/symfony/console/Command/Command.php(298): Illuminate\\Console\\Command->execute(Object(Symfony\\Component\\Console\\Input\\ArgvInput), Object(Illuminate\\Console\\OutputStyle))
#23 /Users/mr/PhpstormProjects/book-review-portal/vendor/laravel/framework/src/Illuminate/Console/Command.php(121): Symfony\\Component\\Console\\Command\\Command->run(Object(Symfony\\Component\\Console\\Input\\ArgvInput), Object(Illuminate\\Console\\OutputStyle))
#24 /Users/mr/PhpstormProjects/book-review-portal/vendor/symfony/console/Application.php(1040): Illuminate\\Console\\Command->run(Object(Symfony\\Component\\Console\\Input\\ArgvInput), Object(Symfony\\Component\\Console\\Output\\ConsoleOutput))
#25 /Users/mr/PhpstormProjects/book-review-portal/vendor/symfony/console/Application.php(301): Symfony\\Component\\Console\\Application->doRunCommand(Object(Illuminate\\Database\\Console\\Migrations\\MigrateCommand), Object(Symfony\\Component\\Console\\Input\\ArgvInput), Object(Symfony\\Component\\Console\\Output\\ConsoleOutput))
#26 /Users/mr/PhpstormProjects/book-review-portal/vendor/symfony/console/Application.php(171): Symfony\\Component\\Console\\Application->doRun(Object(Symfony\\Component\\Console\\Input\\ArgvInput), Object(Symfony\\Component\\Console\\Output\\ConsoleOutput))
#27 /Users/mr/PhpstormProjects/book-review-portal/vendor/laravel/framework/src/Illuminate/Console/Application.php(94): Symfony\\Component\\Console\\Application->run(Object(Symfony\\Component\\Console\\Input\\ArgvInput), Object(Symfony\\Component\\Console\\Output\\ConsoleOutput))
#28 /Users/mr/PhpstormProjects/book-review-portal/vendor/laravel/framework/src/Illuminate/Foundation/Console/Kernel.php(129): Illuminate\\Console\\Application->run(Object(Symfony\\Component\\Console\\Input\\ArgvInput), Object(Symfony\\Component\\Console\\Output\\ConsoleOutput))
#29 /Users/mr/PhpstormProjects/book-review-portal/artisan(16): Illuminate\\Foundation\\Console\\Kernel->handle(Object(Symfony\\Component\\Console\\Input\\ArgvInput), Object(Symfony\\Component\\Console\\Output\\ConsoleOutput))
#30 {main}

[previous exception] [object] (PDOException(code: 42000): SQLSTATE[42000]: Syntax error or access violation: 1061 Duplicate key name 'reports_reportable_type_reportable_id_index' at /Users/mr/PhpstormProjects/book-review-portal/vendor/laravel/framework/src/Illuminate/Database/Connection.php:501)
[stacktrace]
#0 /Users/mr/PhpstormProjects/book-review-portal/vendor/laravel/framework/src/Illuminate/Database/Connection.php(501): PDOStatement->execute()
#1 /Users/mr/PhpstormProjects/book-review-portal/vendor/laravel/framework/src/Illuminate/Database/Connection.php(705): Illuminate\\Database\\Connection->Illuminate\\Database\\{closure}('alter table `re...', Array)
#2 /Users/mr/PhpstormProjects/book-review-portal/vendor/laravel/framework/src/Illuminate/Database/Connection.php(672): Illuminate\\Database\\Connection->runQueryCallback('alter table `re...', Array, Object(Closure))
#3 /Users/mr/PhpstormProjects/book-review-portal/vendor/laravel/framework/src/Illuminate/Database/Connection.php(502): Illuminate\\Database\\Connection->run('alter table `re...', Array, Object(Closure))
#4 /Users/mr/PhpstormProjects/book-review-portal/vendor/laravel/framework/src/Illuminate/Database/Schema/Blueprint.php(109): Illuminate\\Database\\Connection->statement('alter table `re...')
#5 /Users/mr/PhpstormProjects/book-review-portal/vendor/laravel/framework/src/Illuminate/Database/Schema/Builder.php(364): Illuminate\\Database\\Schema\\Blueprint->build(Object(Illuminate\\Database\\MySqlConnection), Object(Illuminate\\Database\\Schema\\Grammars\\MySqlGrammar))
#6 /Users/mr/PhpstormProjects/book-review-portal/vendor/laravel/framework/src/Illuminate/Database/Schema/Builder.php(227): Illuminate\\Database\\Schema\\Builder->build(Object(Illuminate\\Database\\Schema\\Blueprint))
#7 /Users/mr/PhpstormProjects/book-review-portal/vendor/laravel/framework/src/Illuminate/Support/Facades/Facade.php(261): Illuminate\\Database\\Schema\\Builder->create('reports', Object(Closure))
#8 /Users/mr/PhpstormProjects/book-review-portal/database/migrations/2024_01_01_000005_create_reports_table.php(27): Illuminate\\Support\\Facades\\Facade::__callStatic('create', Array)
#9 /Users/mr/PhpstormProjects/book-review-portal/vendor/laravel/framework/src/Illuminate/Database/Migrations/Migrator.php(472): class@anonymous->up()
#10 /Users/mr/PhpstormProjects/book-review-portal/vendor/laravel/framework/src/Illuminate/Database/Migrations/Migrator.php(394): Illuminate\\Database\\Migrations\\Migrator->runMethod(Object(Illuminate\\Database\\MySqlConnection), Object(class@anonymous), 'up')
#11 /Users/mr/PhpstormProjects/book-review-portal/vendor/laravel/framework/src/Illuminate/Database/Migrations/Migrator.php(403): Illuminate\\Database\\Migrations\\Migrator->Illuminate\\Database\\Migrations\\{closure}()
#12 /Users/mr/PhpstormProjects/book-review-portal/vendor/laravel/framework/src/Illuminate/Database/Migrations/Migrator.php(202): Illuminate\\Database\\Migrations\\Migrator->runMigration(Object(class@anonymous), 'up')
#13 /Users/mr/PhpstormProjects/book-review-portal/vendor/laravel/framework/src/Illuminate/Database/Migrations/Migrator.php(167): Illuminate\\Database\\Migrations\\Migrator->runUp('/Users/mr/Phpst...', 1, false)
#14 /Users/mr/PhpstormProjects/book-review-portal/vendor/laravel/framework/src/Illuminate/Database/Migrations/Migrator.php(112): Illuminate\\Database\\Migrations\\Migrator->runPending(Array, Array)
#15 /Users/mr/PhpstormProjects/book-review-portal/vendor/laravel/framework/src/Illuminate/Database/Console/Migrations/MigrateCommand.php(86): Illuminate\\Database\\Migrations\\Migrator->run(Array, Array)
#16 /Users/mr/PhpstormProjects/book-review-portal/vendor/laravel/framework/src/Illuminate/Database/Migrations/Migrator.php(606): Illuminate\\Database\\Console\\Migrations\\MigrateCommand->Illuminate\\Database\\Console\\Migrations\\{closure}()
#17 /Users/mr/PhpstormProjects/book-review-portal/vendor/laravel/framework/src/Illuminate/Database/Console/Migrations/MigrateCommand.php(98): Illuminate\\Database\\Migrations\\Migrator->usingConnection(NULL, Object(Closure))
#18 /Users/mr/PhpstormProjects/book-review-portal/vendor/laravel/framework/src/Illuminate/Container/BoundMethod.php(36): Illuminate\\Database\\Console\\Migrations\\MigrateCommand->handle()
#19 /Users/mr/PhpstormProjects/book-review-portal/vendor/laravel/framework/src/Illuminate/Container/Util.php(40): Illuminate\\Container\\BoundMethod::Illuminate\\Container\\{closure}()
#20 /Users/mr/PhpstormProjects/book-review-portal/vendor/laravel/framework/src/Illuminate/Container/BoundMethod.php(93): Illuminate\\Container\\Util::unwrapIfClosure(Object(Closure))
#21 /Users/mr/PhpstormProjects/book-review-portal/vendor/laravel/framework/src/Illuminate/Container/BoundMethod.php(37): Illuminate\\Container\\BoundMethod::callBoundMethod(Object(Illuminate\\Foundation\\Application), Array, Object(Closure))
#22 /Users/mr/PhpstormProjects/book-review-portal/vendor/laravel/framework/src/Illuminate/Container/Container.php(653): Illuminate\\Container\\BoundMethod::call(Object(Illuminate\\Foundation\\Application), Array, Array, NULL)
#23 /Users/mr/PhpstormProjects/book-review-portal/vendor/laravel/framework/src/Illuminate/Console/Command.php(136): Illuminate\\Container\\Container->call(Array)
#24 /Users/mr/PhpstormProjects/book-review-portal/vendor/symfony/console/Command/Command.php(298): Illuminate\\Console\\Command->execute(Object(Symfony\\Component\\Console\\Input\\ArgvInput), Object(Illuminate\\Console\\OutputStyle))
#25 /Users/mr/PhpstormProjects/book-review-portal/vendor/laravel/framework/src/Illuminate/Console/Command.php(121): Symfony\\Component\\Console\\Command\\Command->run(Object(Symfony\\Component\\Console\\Input\\ArgvInput), Object(Illuminate\\Console\\OutputStyle))
#26 /Users/mr/PhpstormProjects/book-review-portal/vendor/symfony/console/Application.php(1040): Illuminate\\Console\\Command->run(Object(Symfony\\Component\\Console\\Input\\ArgvInput), Object(Symfony\\Component\\Console\\Output\\ConsoleOutput))
#27 /Users/mr/PhpstormProjects/book-review-portal/vendor/symfony/console/Application.php(301): Symfony\\Component\\Console\\Application->doRunCommand(Object(Illuminate\\Database\\Console\\Migrations\\MigrateCommand), Object(Symfony\\Component\\Console\\Input\\ArgvInput), Object(Symfony\\Component\\Console\\Output\\ConsoleOutput))
#28 /Users/mr/PhpstormProjects/book-review-portal/vendor/symfony/console/Application.php(171): Symfony\\Component\\Console\\Application->doRun(Object(Symfony\\Component\\Console\\Input\\ArgvInput), Object(Symfony\\Component\\Console\\Output\\ConsoleOutput))
#29 /Users/mr/PhpstormProjects/book-review-portal/vendor/laravel/framework/src/Illuminate/Console/Application.php(94): Symfony\\Component\\Console\\Application->run(Object(Symfony\\Component\\Console\\Input\\ArgvInput), Object(Symfony\\Component\\Console\\Output\\ConsoleOutput))
#30 /Users/mr/PhpstormProjects/book-review-portal/vendor/laravel/framework/src/Illuminate/Foundation/Console/Kernel.php(129): Illuminate\\Console\\Application->run(Object(Symfony\\Component\\Console\\Input\\ArgvInput), Object(Symfony\\Component\\Console\\Output\\ConsoleOutput))
#31 /Users/mr/PhpstormProjects/book-review-portal/artisan(16): Illuminate\\Foundation\\Console\\Kernel->handle(Object(Symfony\\Component\\Console\\Input\\ArgvInput), Object(Symfony\\Component\\Console\\Output\\ConsoleOutput))
#32 {main}
"} 
[2025-11-17 05:45:37] laravel.EMERGENCY: Unable to create configured logger. Using emergency logger. {"exception":"[object] (InvalidArgumentException(code: 0): Log [] is not defined. at /Users/mr/PhpstormProjects/book-review-portal/vendor/laravel/framework/src/Illuminate/Log/LogManager.php:200)
[stacktrace]
#0 /Users/mr/PhpstormProjects/book-review-portal/vendor/laravel/framework/src/Illuminate/Log/LogManager.php(125): Illuminate\\Log\\LogManager->resolve(NULL, NULL)
#1 /Users/mr/PhpstormProjects/book-review-portal/vendor/laravel/framework/src/Illuminate/Log/LogManager.php(112): Illuminate\\Log\\LogManager->get(NULL)
#2 /Users/mr/PhpstormProjects/book-review-portal/vendor/laravel/framework/src/Illuminate/Log/LogManager.php(590): Illuminate\\Log\\LogManager->driver()
#3 /Users/mr/PhpstormProjects/book-review-portal/vendor/laravel/framework/src/Illuminate/Foundation/Exceptions/Handler.php(252): Illuminate\\Log\\LogManager->error('SQLSTATE[42S01]...', Array)
#4 /Users/mr/PhpstormProjects/book-review-portal/vendor/nunomaduro/collision/src/Adapters/Laravel/ExceptionHandler.php(46): Illuminate\\Foundation\\Exceptions\\Handler->report(Object(Illuminate\\Database\\QueryException))
#5 /Users/mr/PhpstormProjects/book-review-portal/vendor/laravel/framework/src/Illuminate/Foundation/Console/Kernel.php(366): NunoMaduro\\Collision\\Adapters\\Laravel\\ExceptionHandler->report(Object(Illuminate\\Database\\QueryException))
#6 /Users/mr/PhpstormProjects/book-review-portal/vendor/laravel/framework/src/Illuminate/Foundation/Console/Kernel.php(131): Illuminate\\Foundation\\Console\\Kernel->reportException(Object(Illuminate\\Database\\QueryException))
#7 /Users/mr/PhpstormProjects/book-review-portal/artisan(16): Illuminate\\Foundation\\Console\\Kernel->handle(Object(Symfony\\Component\\Console\\Input\\ArgvInput), Object(Symfony\\Component\\Console\\Output\\ConsoleOutput))
#8 {main}
"} 
[2025-11-17 05:45:37] laravel.ERROR: SQLSTATE[42S01]: Base table or view already exists: 1050 Table 'reports' already exists (SQL: create table `reports` (`id` bigint unsigned not null auto_increment primary key, `user_id` bigint unsigned not null, `reportable_type` varchar(255) not null, `reportable_id` bigint unsigned not null, `reason` enum('spam', 'inappropriate', 'harassment', 'other') not null default 'other', `description` text null, `status` enum('pending', 'resolved', 'dismissed') not null default 'pending', `resolved_by` bigint unsigned null, `resolved_at` timestamp null, `created_at` timestamp null, `updated_at` timestamp null) default character set utf8mb4 collate 'utf8mb4_unicode_ci') {"exception":"[object] (Illuminate\\Database\\QueryException(code: 42S01): SQLSTATE[42S01]: Base table or view already exists: 1050 Table 'reports' already exists (SQL: create table `reports` (`id` bigint unsigned not null auto_increment primary key, `user_id` bigint unsigned not null, `reportable_type` varchar(255) not null, `reportable_id` bigint unsigned not null, `reason` enum('spam', 'inappropriate', 'harassment', 'other') not null default 'other', `description` text null, `status` enum('pending', 'resolved', 'dismissed') not null default 'pending', `resolved_by` bigint unsigned null, `resolved_at` timestamp null, `created_at` timestamp null, `updated_at` timestamp null) default character set utf8mb4 collate 'utf8mb4_unicode_ci') at /Users/mr/PhpstormProjects/book-review-portal/vendor/laravel/framework/src/Illuminate/Database/Connection.php:712)
[stacktrace]
#0 /Users/mr/PhpstormProjects/book-review-portal/vendor/laravel/framework/src/Illuminate/Database/Connection.php(672): Illuminate\\Database\\Connection->runQueryCallback('create table `r...', Array, Object(Closure))
#1 /Users/mr/PhpstormProjects/book-review-portal/vendor/laravel/framework/src/Illuminate/Database/Connection.php(502): Illuminate\\Database\\Connection->run('create table `r...', Array, Object(Closure))
#2 /Users/mr/PhpstormProjects/book-review-portal/vendor/laravel/framework/src/Illuminate/Database/Schema/Blueprint.php(109): Illuminate\\Database\\Connection->statement('create table `r...')
#3 /Users/mr/PhpstormProjects/book-review-portal/vendor/laravel/framework/src/Illuminate/Database/Schema/Builder.php(364): Illuminate\\Database\\Schema\\Blueprint->build(Object(Illuminate\\Database\\MySqlConnection), Object(Illuminate\\Database\\Schema\\Grammars\\MySqlGrammar))
#4 /Users/mr/PhpstormProjects/book-review-portal/vendor/laravel/framework/src/Illuminate/Database/Schema/Builder.php(227): Illuminate\\Database\\Schema\\Builder->build(Object(Illuminate\\Database\\Schema\\Blueprint))
#5 /Users/mr/PhpstormProjects/book-review-portal/vendor/laravel/framework/src/Illuminate/Support/Facades/Facade.php(261): Illuminate\\Database\\Schema\\Builder->create('reports', Object(Closure))
#6 /Users/mr/PhpstormProjects/book-review-portal/database/migrations/2024_01_01_000005_create_reports_table.php(28): Illuminate\\Support\\Facades\\Facade::__callStatic('create', Array)
#7 /Users/mr/PhpstormProjects/book-review-portal/vendor/laravel/framework/src/Illuminate/Database/Migrations/Migrator.php(472): class@anonymous->up()
#8 /Users/mr/PhpstormProjects/book-review-portal/vendor/laravel/framework/src/Illuminate/Database/Migrations/Migrator.php(394): Illuminate\\Database\\Migrations\\Migrator->runMethod(Object(Illuminate\\Database\\MySqlConnection), Object(class@anonymous), 'up')
#9 /Users/mr/PhpstormProjects/book-review-portal/vendor/laravel/framework/src/Illuminate/Database/Migrations/Migrator.php(403): Illuminate\\Database\\Migrations\\Migrator->Illuminate\\Database\\Migrations\\{closure}()
#10 /Users/mr/PhpstormProjects/book-review-portal/vendor/laravel/framework/src/Illuminate/Database/Migrations/Migrator.php(202): Illuminate\\Database\\Migrations\\Migrator->runMigration(Object(class@anonymous), 'up')
#11 /Users/mr/PhpstormProjects/book-review-portal/vendor/laravel/framework/src/Illuminate/Database/Migrations/Migrator.php(167): Illuminate\\Database\\Migrations\\Migrator->runUp('/Users/mr/Phpst...', 2, false)
#12 /Users/mr/PhpstormProjects/book-review-portal/vendor/laravel/framework/src/Illuminate/Database/Migrations/Migrator.php(112): Illuminate\\Database\\Migrations\\Migrator->runPending(Array, Array)
#13 /Users/mr/PhpstormProjects/book-review-portal/vendor/laravel/framework/src/Illuminate/Database/Console/Migrations/MigrateCommand.php(86): Illuminate\\Database\\Migrations\\Migrator->run(Array, Array)
#14 /Users/mr/PhpstormProjects/book-review-portal/vendor/laravel/framework/src/Illuminate/Database/Migrations/Migrator.php(606): Illuminate\\Database\\Console\\Migrations\\MigrateCommand->Illuminate\\Database\\Console\\Migrations\\{closure}()
#15 /Users/mr/PhpstormProjects/book-review-portal/vendor/laravel/framework/src/Illuminate/Database/Console/Migrations/MigrateCommand.php(98): Illuminate\\Database\\Migrations\\Migrator->usingConnection(NULL, Object(Closure))
#16 /Users/mr/PhpstormProjects/book-review-portal/vendor/laravel/framework/src/Illuminate/Container/BoundMethod.php(36): Illuminate\\Database\\Console\\Migrations\\MigrateCommand->handle()
#17 /Users/mr/PhpstormProjects/book-review-portal/vendor/laravel/framework/src/Illuminate/Container/Util.php(40): Illuminate\\Container\\BoundMethod::Illuminate\\Container\\{closure}()
#18 /Users/mr/PhpstormProjects/book-review-portal/vendor/laravel/framework/src/Illuminate/Container/BoundMethod.php(93): Illuminate\\Container\\Util::unwrapIfClosure(Object(Closure))
#19 /Users/mr/PhpstormProjects/book-review-portal/vendor/laravel/framework/src/Illuminate/Container/BoundMethod.php(37): Illuminate\\Container\\BoundMethod::callBoundMethod(Object(Illuminate\\Foundation\\Application), Array, Object(Closure))
#20 /Users/mr/PhpstormProjects/book-review-portal/vendor/laravel/framework/src/Illuminate/Container/Container.php(653): Illuminate\\Container\\BoundMethod::call(Object(Illuminate\\Foundation\\Application), Array, Array, NULL)
#21 /Users/mr/PhpstormProjects/book-review-portal/vendor/laravel/framework/src/Illuminate/Console/Command.php(136): Illuminate\\Container\\Container->call(Array)
#22 /Users/mr/PhpstormProjects/book-review-portal/vendor/symfony/console/Command/Command.php(298): Illuminate\\Console\\Command->execute(Object(Symfony\\Component\\Console\\Input\\ArgvInput), Object(Illuminate\\Console\\OutputStyle))
#23 /Users/mr/PhpstormProjects/book-review-portal/vendor/laravel/framework/src/Illuminate/Console/Command.php(121): Symfony\\Component\\Console\\Command\\Command->run(Object(Symfony\\Component\\Console\\Input\\ArgvInput), Object(Illuminate\\Console\\OutputStyle))
#24 /Users/mr/PhpstormProjects/book-review-portal/vendor/symfony/console/Application.php(1040): Illuminate\\Console\\Command->run(Object(Symfony\\Component\\Console\\Input\\ArgvInput), Object(Symfony\\Component\\Console\\Output\\ConsoleOutput))
#25 /Users/mr/PhpstormProjects/book-review-portal/vendor/symfony/console/Application.php(301): Symfony\\Component\\Console\\Application->doRunCommand(Object(Illuminate\\Database\\Console\\Migrations\\MigrateCommand), Object(Symfony\\Component\\Console\\Input\\ArgvInput), Object(Symfony\\Component\\Console\\Output\\ConsoleOutput))
#26 /Users/mr/PhpstormProjects/book-review-portal/vendor/symfony/console/Application.php(171): Symfony\\Component\\Console\\Application->doRun(Object(Symfony\\Component\\Console\\Input\\ArgvInput), Object(Symfony\\Component\\Console\\Output\\ConsoleOutput))
#27 /Users/mr/PhpstormProjects/book-review-portal/vendor/laravel/framework/src/Illuminate/Console/Application.php(94): Symfony\\Component\\Console\\Application->run(Object(Symfony\\Component\\Console\\Input\\ArgvInput), Object(Symfony\\Component\\Console\\Output\\ConsoleOutput))
#28 /Users/mr/PhpstormProjects/book-review-portal/vendor/laravel/framework/src/Illuminate/Foundation/Console/Kernel.php(129): Illuminate\\Console\\Application->run(Object(Symfony\\Component\\Console\\Input\\ArgvInput), Object(Symfony\\Component\\Console\\Output\\ConsoleOutput))
#29 /Users/mr/PhpstormProjects/book-review-portal/artisan(16): Illuminate\\Foundation\\Console\\Kernel->handle(Object(Symfony\\Component\\Console\\Input\\ArgvInput), Object(Symfony\\Component\\Console\\Output\\ConsoleOutput))
#30 {main}

[previous exception] [object] (PDOException(code: 42S01): SQLSTATE[42S01]: Base table or view already exists: 1050 Table 'reports' already exists at /Users/mr/PhpstormProjects/book-review-portal/vendor/laravel/framework/src/Illuminate/Database/Connection.php:501)
[stacktrace]
#0 /Users/mr/PhpstormProjects/book-review-portal/vendor/laravel/framework/src/Illuminate/Database/Connection.php(501): PDOStatement->execute()
#1 /Users/mr/PhpstormProjects/book-review-portal/vendor/laravel/framework/src/Illuminate/Database/Connection.php(705): Illuminate\\Database\\Connection->Illuminate\\Database\\{closure}('create table `r...', Array)
#2 /Users/mr/PhpstormProjects/book-review-portal/vendor/laravel/framework/src/Illuminate/Database/Connection.php(672): Illuminate\\Database\\Connection->runQueryCallback('create table `r...', Array, Object(Closure))
#3 /Users/mr/PhpstormProjects/book-review-portal/vendor/laravel/framework/src/Illuminate/Database/Connection.php(502): Illuminate\\Database\\Connection->run('create table `r...', Array, Object(Closure))
#4 /Users/mr/PhpstormProjects/book-review-portal/vendor/laravel/framework/src/Illuminate/Database/Schema/Blueprint.php(109): Illuminate\\Database\\Connection->statement('create table `r...')
#5 /Users/mr/PhpstormProjects/book-review-portal/vendor/laravel/framework/src/Illuminate/Database/Schema/Builder.php(364): Illuminate\\Database\\Schema\\Blueprint->build(Object(Illuminate\\Database\\MySqlConnection), Object(Illuminate\\Database\\Schema\\Grammars\\MySqlGrammar))
#6 /Users/mr/PhpstormProjects/book-review-portal/vendor/laravel/framework/src/Illuminate/Database/Schema/Builder.php(227): Illuminate\\Database\\Schema\\Builder->build(Object(Illuminate\\Database\\Schema\\Blueprint))
#7 /Users/mr/PhpstormProjects/book-review-portal/vendor/laravel/framework/src/Illuminate/Support/Facades/Facade.php(261): Illuminate\\Database\\Schema\\Builder->create('reports', Object(Closure))
#8 /Users/mr/PhpstormProjects/book-review-portal/database/migrations/2024_01_01_000005_create_reports_table.php(28): Illuminate\\Support\\Facades\\Facade::__callStatic('create', Array)
#9 /Users/mr/PhpstormProjects/book-review-portal/vendor/laravel/framework/src/Illuminate/Database/Migrations/Migrator.php(472): class@anonymous->up()
#10 /Users/mr/PhpstormProjects/book-review-portal/vendor/laravel/framework/src/Illuminate/Database/Migrations/Migrator.php(394): Illuminate\\Database\\Migrations\\Migrator->runMethod(Object(Illuminate\\Database\\MySqlConnection), Object(class@anonymous), 'up')
#11 /Users/mr/PhpstormProjects/book-review-portal/vendor/laravel/framework/src/Illuminate/Database/Migrations/Migrator.php(403): Illuminate\\Database\\Migrations\\Migrator->Illuminate\\Database\\Migrations\\{closure}()
#12 /Users/mr/PhpstormProjects/book-review-portal/vendor/laravel/framework/src/Illuminate/Database/Migrations/Migrator.php(202): Illuminate\\Database\\Migrations\\Migrator->runMigration(Object(class@anonymous), 'up')
#13 /Users/mr/PhpstormProjects/book-review-portal/vendor/laravel/framework/src/Illuminate/Database/Migrations/Migrator.php(167): Illuminate\\Database\\Migrations\\Migrator->runUp('/Users/mr/Phpst...', 2, false)
#14 /Users/mr/PhpstormProjects/book-review-portal/vendor/laravel/framework/src/Illuminate/Database/Migrations/Migrator.php(112): Illuminate\\Database\\Migrations\\Migrator->runPending(Array, Array)
#15 /Users/mr/PhpstormProjects/book-review-portal/vendor/laravel/framework/src/Illuminate/Database/Console/Migrations/MigrateCommand.php(86): Illuminate\\Database\\Migrations\\Migrator->run(Array, Array)
#16 /Users/mr/PhpstormProjects/book-review-portal/vendor/laravel/framework/src/Illuminate/Database/Migrations/Migrator.php(606): Illuminate\\Database\\Console\\Migrations\\MigrateCommand->Illuminate\\Database\\Console\\Migrations\\{closure}()
#17 /Users/mr/PhpstormProjects/book-review-portal/vendor/laravel/framework/src/Illuminate/Database/Console/Migrations/MigrateCommand.php(98): Illuminate\\Database\\Migrations\\Migrator->usingConnection(NULL, Object(Closure))
#18 /Users/mr/PhpstormProjects/book-review-portal/vendor/laravel/framework/src/Illuminate/Container/BoundMethod.php(36): Illuminate\\Database\\Console\\Migrations\\MigrateCommand->handle()
#19 /Users/mr/PhpstormProjects/book-review-portal/vendor/laravel/framework/src/Illuminate/Container/Util.php(40): Illuminate\\Container\\BoundMethod::Illuminate\\Container\\{closure}()
#20 /Users/mr/PhpstormProjects/book-review-portal/vendor/laravel/framework/src/Illuminate/Container/BoundMethod.php(93): Illuminate\\Container\\Util::unwrapIfClosure(Object(Closure))
#21 /Users/mr/PhpstormProjects/book-review-portal/vendor/laravel/framework/src/Illuminate/Container/BoundMethod.php(37): Illuminate\\Container\\BoundMethod::callBoundMethod(Object(Illuminate\\Foundation\\Application), Array, Object(Closure))
#22 /Users/mr/PhpstormProjects/book-review-portal/vendor/laravel/framework/src/Illuminate/Container/Container.php(653): Illuminate\\Container\\BoundMethod::call(Object(Illuminate\\Foundation\\Application), Array, Array, NULL)
#23 /Users/mr/PhpstormProjects/book-review-portal/vendor/laravel/framework/src/Illuminate/Console/Command.php(136): Illuminate\\Container\\Container->call(Array)
#24 /Users/mr/PhpstormProjects/book-review-portal/vendor/symfony/console/Command/Command.php(298): Illuminate\\Console\\Command->execute(Object(Symfony\\Component\\Console\\Input\\ArgvInput), Object(Illuminate\\Console\\OutputStyle))
#25 /Users/mr/PhpstormProjects/book-review-portal/vendor/laravel/framework/src/Illuminate/Console/Command.php(121): Symfony\\Component\\Console\\Command\\Command->run(Object(Symfony\\Component\\Console\\Input\\ArgvInput), Object(Illuminate\\Console\\OutputStyle))
#26 /Users/mr/PhpstormProjects/book-review-portal/vendor/symfony/console/Application.php(1040): Illuminate\\Console\\Command->run(Object(Symfony\\Component\\Console\\Input\\ArgvInput), Object(Symfony\\Component\\Console\\Output\\ConsoleOutput))
#27 /Users/mr/PhpstormProjects/book-review-portal/vendor/symfony/console/Application.php(301): Symfony\\Component\\Console\\Application->doRunCommand(Object(Illuminate\\Database\\Console\\Migrations\\MigrateCommand), Object(Symfony\\Component\\Console\\Input\\ArgvInput), Object(Symfony\\Component\\Console\\Output\\ConsoleOutput))
#28 /Users/mr/PhpstormProjects/book-review-portal/vendor/symfony/console/Application.php(171): Symfony\\Component\\Console\\Application->doRun(Object(Symfony\\Component\\Console\\Input\\ArgvInput), Object(Symfony\\Component\\Console\\Output\\ConsoleOutput))
#29 /Users/mr/PhpstormProjects/book-review-portal/vendor/laravel/framework/src/Illuminate/Console/Application.php(94): Symfony\\Component\\Console\\Application->run(Object(Symfony\\Component\\Console\\Input\\ArgvInput), Object(Symfony\\Component\\Console\\Output\\ConsoleOutput))
#30 /Users/mr/PhpstormProjects/book-review-portal/vendor/laravel/framework/src/Illuminate/Foundation/Console/Kernel.php(129): Illuminate\\Console\\Application->run(Object(Symfony\\Component\\Console\\Input\\ArgvInput), Object(Symfony\\Component\\Console\\Output\\ConsoleOutput))
#31 /Users/mr/PhpstormProjects/book-review-portal/artisan(16): Illuminate\\Foundation\\Console\\Kernel->handle(Object(Symfony\\Component\\Console\\Input\\ArgvInput), Object(Symfony\\Component\\Console\\Output\\ConsoleOutput))
#32 {main}
"} 
[2025-11-17 05:49:17] laravel.EMERGENCY: Unable to create configured logger. Using emergency logger. {"exception":"[object] (InvalidArgumentException(code: 0): Log [] is not defined. at /Users/mr/PhpstormProjects/book-review-portal/vendor/laravel/framework/src/Illuminate/Log/LogManager.php:200)
[stacktrace]
#0 /Users/mr/PhpstormProjects/book-review-portal/vendor/laravel/framework/src/Illuminate/Log/LogManager.php(125): Illuminate\\Log\\LogManager->resolve(NULL, NULL)
#1 /Users/mr/PhpstormProjects/book-review-portal/vendor/laravel/framework/src/Illuminate/Log/LogManager.php(112): Illuminate\\Log\\LogManager->get(NULL)
#2 /Users/mr/PhpstormProjects/book-review-portal/vendor/laravel/framework/src/Illuminate/Log/LogManager.php(590): Illuminate\\Log\\LogManager->driver()
#3 /Users/mr/PhpstormProjects/book-review-portal/vendor/laravel/framework/src/Illuminate/Foundation/Exceptions/Handler.php(252): Illuminate\\Log\\LogManager->error('SQLSTATE[23000]...', Array)
#4 /Users/mr/PhpstormProjects/book-review-portal/vendor/nunomaduro/collision/src/Adapters/Laravel/ExceptionHandler.php(46): Illuminate\\Foundation\\Exceptions\\Handler->report(Object(Illuminate\\Database\\QueryException))
#5 /Users/mr/PhpstormProjects/book-review-portal/vendor/laravel/framework/src/Illuminate/Foundation/Console/Kernel.php(366): NunoMaduro\\Collision\\Adapters\\Laravel\\ExceptionHandler->report(Object(Illuminate\\Database\\QueryException))
#6 /Users/mr/PhpstormProjects/book-review-portal/vendor/laravel/framework/src/Illuminate/Foundation/Console/Kernel.php(131): Illuminate\\Foundation\\Console\\Kernel->reportException(Object(Illuminate\\Database\\QueryException))
#7 /Users/mr/PhpstormProjects/book-review-portal/artisan(16): Illuminate\\Foundation\\Console\\Kernel->handle(Object(Symfony\\Component\\Console\\Input\\ArgvInput), Object(Symfony\\Component\\Console\\Output\\ConsoleOutput))
#8 {main}
"} 
[2025-11-17 05:49:17] laravel.ERROR: SQLSTATE[23000]: Integrity constraint violation: 1062 Duplicate entry 'admin' for key 'users.users_username_unique' (SQL: insert into `users` (`username`, `email`, `password`, `role`, `bio`, `updated_at`, `created_at`) values (admin, admin@bookreview.com, $2y$10$zTSFJAvpSpjTz4y9o1kJqud6wDmMM9sZpSBvLhcMPiOYXLyT0tK7q, admin, Site Administrator, 2025-11-17 05:49:17, 2025-11-17 05:49:17)) {"exception":"[object] (Illuminate\\Database\\QueryException(code: 23000): SQLSTATE[23000]: Integrity constraint violation: 1062 Duplicate entry 'admin' for key 'users.users_username_unique' (SQL: insert into `users` (`username`, `email`, `password`, `role`, `bio`, `updated_at`, `created_at`) values (admin, admin@bookreview.com, $2y$10$zTSFJAvpSpjTz4y9o1kJqud6wDmMM9sZpSBvLhcMPiOYXLyT0tK7q, admin, Site Administrator, 2025-11-17 05:49:17, 2025-11-17 05:49:17)) at /Users/mr/PhpstormProjects/book-review-portal/vendor/laravel/framework/src/Illuminate/Database/Connection.php:712)
[stacktrace]
#0 /Users/mr/PhpstormProjects/book-review-portal/vendor/laravel/framework/src/Illuminate/Database/Connection.php(672): Illuminate\\Database\\Connection->runQueryCallback('insert into `us...', Array, Object(Closure))
#1 /Users/mr/PhpstormProjects/book-review-portal/vendor/laravel/framework/src/Illuminate/Database/Connection.php(502): Illuminate\\Database\\Connection->run('insert into `us...', Array, Object(Closure))
#2 /Users/mr/PhpstormProjects/book-review-portal/vendor/laravel/framework/src/Illuminate/Database/Connection.php(454): Illuminate\\Database\\Connection->statement('insert into `us...', Array)
#3 /Users/mr/PhpstormProjects/book-review-portal/vendor/laravel/framework/src/Illuminate/Database/Query/Processors/Processor.php(32): Illuminate\\Database\\Connection->insert('insert into `us...', Array)
#4 /Users/mr/PhpstormProjects/book-review-portal/vendor/laravel/framework/src/Illuminate/Database/Query/Builder.php(3028): Illuminate\\Database\\Query\\Processors\\Processor->processInsertGetId(Object(Illuminate\\Database\\Query\\Builder), 'insert into `us...', Array, 'id')
#5 /Users/mr/PhpstormProjects/book-review-portal/vendor/laravel/framework/src/Illuminate/Database/Eloquent/Builder.php(1657): Illuminate\\Database\\Query\\Builder->insertGetId(Array, 'id')
#6 /Users/mr/PhpstormProjects/book-review-portal/vendor/laravel/framework/src/Illuminate/Database/Eloquent/Model.php(1188): Illuminate\\Database\\Eloquent\\Builder->__call('insertGetId', Array)
#7 /Users/mr/PhpstormProjects/book-review-portal/vendor/laravel/framework/src/Illuminate/Database/Eloquent/Model.php(1153): Illuminate\\Database\\Eloquent\\Model->insertAndSetId(Object(Illuminate\\Database\\Eloquent\\Builder), Array)
#8 /Users/mr/PhpstormProjects/book-review-portal/vendor/laravel/framework/src/Illuminate/Database/Eloquent/Model.php(994): Illuminate\\Database\\Eloquent\\Model->performInsert(Object(Illuminate\\Database\\Eloquent\\Builder))
#9 /Users/mr/PhpstormProjects/book-review-portal/vendor/laravel/framework/src/Illuminate/Database/Eloquent/Builder.php(896): Illuminate\\Database\\Eloquent\\Model->save()
#10 /Users/mr/PhpstormProjects/book-review-portal/vendor/laravel/framework/src/Illuminate/Support/helpers.php(263): Illuminate\\Database\\Eloquent\\Builder->Illuminate\\Database\\Eloquent\\{closure}(Object(App\\Models\\User))
#11 /Users/mr/PhpstormProjects/book-review-portal/vendor/laravel/framework/src/Illuminate/Database/Eloquent/Builder.php(897): tap(Object(App\\Models\\User), Object(Closure))
#12 /Users/mr/PhpstormProjects/book-review-portal/vendor/laravel/framework/src/Illuminate/Support/Traits/ForwardsCalls.php(23): Illuminate\\Database\\Eloquent\\Builder->create(Array)
#13 /Users/mr/PhpstormProjects/book-review-portal/vendor/laravel/framework/src/Illuminate/Database/Eloquent/Model.php(2132): Illuminate\\Database\\Eloquent\\Model->forwardCallTo(Object(Illuminate\\Database\\Eloquent\\Builder), 'create', Array)
#14 /Users/mr/PhpstormProjects/book-review-portal/vendor/laravel/framework/src/Illuminate/Database/Eloquent/Model.php(2144): Illuminate\\Database\\Eloquent\\Model->__call('create', Array)
#15 /Users/mr/PhpstormProjects/book-review-portal/database/seeders/DatabaseSeeder.php(25): Illuminate\\Database\\Eloquent\\Model::__callStatic('create', Array)
#16 /Users/mr/PhpstormProjects/book-review-portal/vendor/laravel/framework/src/Illuminate/Container/BoundMethod.php(36): Database\\Seeders\\DatabaseSeeder->run()
#17 /Users/mr/PhpstormProjects/book-review-portal/vendor/laravel/framework/src/Illuminate/Container/Util.php(40): Illuminate\\Container\\BoundMethod::Illuminate\\Container\\{closure}()
#18 /Users/mr/PhpstormProjects/book-review-portal/vendor/laravel/framework/src/Illuminate/Container/BoundMethod.php(93): Illuminate\\Container\\Util::unwrapIfClosure(Object(Closure))
#19 /Users/mr/PhpstormProjects/book-review-portal/vendor/laravel/framework/src/Illuminate/Container/BoundMethod.php(37): Illuminate\\Container\\BoundMethod::callBoundMethod(Object(Illuminate\\Foundation\\Application), Array, Object(Closure))
#20 /Users/mr/PhpstormProjects/book-review-portal/vendor/laravel/framework/src/Illuminate/Container/Container.php(653): Illuminate\\Container\\BoundMethod::call(Object(Illuminate\\Foundation\\Application), Array, Array, NULL)
#21 /Users/mr/PhpstormProjects/book-review-portal/vendor/laravel/framework/src/Illuminate/Database/Seeder.php(149): Illuminate\\Container\\Container->call(Array, Array)
#22 /Users/mr/PhpstormProjects/book-review-portal/vendor/laravel/framework/src/Illuminate/Database/Console/Seeds/SeedCommand.php(66): Illuminate\\Database\\Seeder->__invoke()
#23 /Users/mr/PhpstormProjects/book-review-portal/vendor/laravel/framework/src/Illuminate/Database/Eloquent/Concerns/GuardsAttributes.php(157): Illuminate\\Database\\Console\\Seeds\\SeedCommand->Illuminate\\Database\\Console\\Seeds\\{closure}()
#24 /Users/mr/PhpstormProjects/book-review-portal/vendor/laravel/framework/src/Illuminate/Database/Console/Seeds/SeedCommand.php(67): Illuminate\\Database\\Eloquent\\Model::unguarded(Object(Closure))
#25 /Users/mr/PhpstormProjects/book-review-portal/vendor/laravel/framework/src/Illuminate/Container/BoundMethod.php(36): Illuminate\\Database\\Console\\Seeds\\SeedCommand->handle()
#26 /Users/mr/PhpstormProjects/book-review-portal/vendor/laravel/framework/src/Illuminate/Container/Util.php(40): Illuminate\\Container\\BoundMethod::Illuminate\\Container\\{closure}()
#27 /Users/mr/PhpstormProjects/book-review-portal/vendor/laravel/framework/src/Illuminate/Container/BoundMethod.php(93): Illuminate\\Container\\Util::unwrapIfClosure(Object(Closure))
#28 /Users/mr/PhpstormProjects/book-review-portal/vendor/laravel/framework/src/Illuminate/Container/BoundMethod.php(37): Illuminate\\Container\\BoundMethod::callBoundMethod(Object(Illuminate\\Foundation\\Application), Array, Object(Closure))
#29 /Users/mr/PhpstormProjects/book-review-portal/vendor/laravel/framework/src/Illuminate/Container/Container.php(653): Illuminate\\Container\\BoundMethod::call(Object(Illuminate\\Foundation\\Application), Array, Array, NULL)
#30 /Users/mr/PhpstormProjects/book-review-portal/vendor/laravel/framework/src/Illuminate/Console/Command.php(136): Illuminate\\Container\\Container->call(Array)
#31 /Users/mr/PhpstormProjects/book-review-portal/vendor/symfony/console/Command/Command.php(298): Illuminate\\Console\\Command->execute(Object(Symfony\\Component\\Console\\Input\\ArgvInput), Object(Illuminate\\Console\\OutputStyle))
#32 /Users/mr/PhpstormProjects/book-review-portal/vendor/laravel/framework/src/Illuminate/Console/Command.php(121): Symfony\\Component\\Console\\Command\\Command->run(Object(Symfony\\Component\\Console\\Input\\ArgvInput), Object(Illuminate\\Console\\OutputStyle))
#33 /Users/mr/PhpstormProjects/book-review-portal/vendor/symfony/console/Application.php(1040): Illuminate\\Console\\Command->run(Object(Symfony\\Component\\Console\\Input\\ArgvInput), Object(Symfony\\Component\\Console\\Output\\ConsoleOutput))
#34 /Users/mr/PhpstormProjects/book-review-portal/vendor/symfony/console/Application.php(301): Symfony\\Component\\Console\\Application->doRunCommand(Object(Illuminate\\Database\\Console\\Seeds\\SeedCommand), Object(Symfony\\Component\\Console\\Input\\ArgvInput), Object(Symfony\\Component\\Console\\Output\\ConsoleOutput))
#35 /Users/mr/PhpstormProjects/book-review-portal/vendor/symfony/console/Application.php(171): Symfony\\Component\\Console\\Application->doRun(Object(Symfony\\Component\\Console\\Input\\ArgvInput), Object(Symfony\\Component\\Console\\Output\\ConsoleOutput))
#36 /Users/mr/PhpstormProjects/book-review-portal/vendor/laravel/framework/src/Illuminate/Console/Application.php(94): Symfony\\Component\\Console\\Application->run(Object(Symfony\\Component\\Console\\Input\\ArgvInput), Object(Symfony\\Component\\Console\\Output\\ConsoleOutput))
#37 /Users/mr/PhpstormProjects/book-review-portal/vendor/laravel/framework/src/Illuminate/Foundation/Console/Kernel.php(129): Illuminate\\Console\\Application->run(Object(Symfony\\Component\\Console\\Input\\ArgvInput), Object(Symfony\\Component\\Console\\Output\\ConsoleOutput))
#38 /Users/mr/PhpstormProjects/book-review-portal/artisan(16): Illuminate\\Foundation\\Console\\Kernel->handle(Object(Symfony\\Component\\Console\\Input\\ArgvInput), Object(Symfony\\Component\\Console\\Output\\ConsoleOutput))
#39 {main}

[previous exception] [object] (PDOException(code: 23000): SQLSTATE[23000]: Integrity constraint violation: 1062 Duplicate entry 'admin' for key 'users.users_username_unique' at /Users/mr/PhpstormProjects/book-review-portal/vendor/laravel/framework/src/Illuminate/Database/Connection.php:501)
[stacktrace]
#0 /Users/mr/PhpstormProjects/book-review-portal/vendor/laravel/framework/src/Illuminate/Database/Connection.php(501): PDOStatement->execute()
#1 /Users/mr/PhpstormProjects/book-review-portal/vendor/laravel/framework/src/Illuminate/Database/Connection.php(705): Illuminate\\Database\\Connection->Illuminate\\Database\\{closure}('insert into `us...', Array)
#2 /Users/mr/PhpstormProjects/book-review-portal/vendor/laravel/framework/src/Illuminate/Database/Connection.php(672): Illuminate\\Database\\Connection->runQueryCallback('insert into `us...', Array, Object(Closure))
#3 /Users/mr/PhpstormProjects/book-review-portal/vendor/laravel/framework/src/Illuminate/Database/Connection.php(502): Illuminate\\Database\\Connection->run('insert into `us...', Array, Object(Closure))
#4 /Users/mr/PhpstormProjects/book-review-portal/vendor/laravel/framework/src/Illuminate/Database/Connection.php(454): Illuminate\\Database\\Connection->statement('insert into `us...', Array)
#5 /Users/mr/PhpstormProjects/book-review-portal/vendor/laravel/framework/src/Illuminate/Database/Query/Processors/Processor.php(32): Illuminate\\Database\\Connection->insert('insert into `us...', Array)
#6 /Users/mr/PhpstormProjects/book-review-portal/vendor/laravel/framework/src/Illuminate/Database/Query/Builder.php(3028): Illuminate\\Database\\Query\\Processors\\Processor->processInsertGetId(Object(Illuminate\\Database\\Query\\Builder), 'insert into `us...', Array, 'id')
#7 /Users/mr/PhpstormProjects/book-review-portal/vendor/laravel/framework/src/Illuminate/Database/Eloquent/Builder.php(1657): Illuminate\\Database\\Query\\Builder->insertGetId(Array, 'id')
#8 /Users/mr/PhpstormProjects/book-review-portal/vendor/laravel/framework/src/Illuminate/Database/Eloquent/Model.php(1188): Illuminate\\Database\\Eloquent\\Builder->__call('insertGetId', Array)
#9 /Users/mr/PhpstormProjects/book-review-portal/vendor/laravel/framework/src/Illuminate/Database/Eloquent/Model.php(1153): Illuminate\\Database\\Eloquent\\Model->insertAndSetId(Object(Illuminate\\Database\\Eloquent\\Builder), Array)
#10 /Users/mr/PhpstormProjects/book-review-portal/vendor/laravel/framework/src/Illuminate/Database/Eloquent/Model.php(994): Illuminate\\Database\\Eloquent\\Model->performInsert(Object(Illuminate\\Database\\Eloquent\\Builder))
#11 /Users/mr/PhpstormProjects/book-review-portal/vendor/laravel/framework/src/Illuminate/Database/Eloquent/Builder.php(896): Illuminate\\Database\\Eloquent\\Model->save()
#12 /Users/mr/PhpstormProjects/book-review-portal/vendor/laravel/framework/src/Illuminate/Support/helpers.php(263): Illuminate\\Database\\Eloquent\\Builder->Illuminate\\Database\\Eloquent\\{closure}(Object(App\\Models\\User))
#13 /Users/mr/PhpstormProjects/book-review-portal/vendor/laravel/framework/src/Illuminate/Database/Eloquent/Builder.php(897): tap(Object(App\\Models\\User), Object(Closure))
#14 /Users/mr/PhpstormProjects/book-review-portal/vendor/laravel/framework/src/Illuminate/Support/Traits/ForwardsCalls.php(23): Illuminate\\Database\\Eloquent\\Builder->create(Array)
#15 /Users/mr/PhpstormProjects/book-review-portal/vendor/laravel/framework/src/Illuminate/Database/Eloquent/Model.php(2132): Illuminate\\Database\\Eloquent\\Model->forwardCallTo(Object(Illuminate\\Database\\Eloquent\\Builder), 'create', Array)
#16 /Users/mr/PhpstormProjects/book-review-portal/vendor/laravel/framework/src/Illuminate/Database/Eloquent/Model.php(2144): Illuminate\\Database\\Eloquent\\Model->__call('create', Array)
#17 /Users/mr/PhpstormProjects/book-review-portal/database/seeders/DatabaseSeeder.php(25): Illuminate\\Database\\Eloquent\\Model::__callStatic('create', Array)
#18 /Users/mr/PhpstormProjects/book-review-portal/vendor/laravel/framework/src/Illuminate/Container/BoundMethod.php(36): Database\\Seeders\\DatabaseSeeder->run()
#19 /Users/mr/PhpstormProjects/book-review-portal/vendor/laravel/framework/src/Illuminate/Container/Util.php(40): Illuminate\\Container\\BoundMethod::Illuminate\\Container\\{closure}()
#20 /Users/mr/PhpstormProjects/book-review-portal/vendor/laravel/framework/src/Illuminate/Container/BoundMethod.php(93): Illuminate\\Container\\Util::unwrapIfClosure(Object(Closure))
#21 /Users/mr/PhpstormProjects/book-review-portal/vendor/laravel/framework/src/Illuminate/Container/BoundMethod.php(37): Illuminate\\Container\\BoundMethod::callBoundMethod(Object(Illuminate\\Foundation\\Application), Array, Object(Closure))
#22 /Users/mr/PhpstormProjects/book-review-portal/vendor/laravel/framework/src/Illuminate/Container/Container.php(653): Illuminate\\Container\\BoundMethod::call(Object(Illuminate\\Foundation\\Application), Array, Array, NULL)
#23 /Users/mr/PhpstormProjects/book-review-portal/vendor/laravel/framework/src/Illuminate/Database/Seeder.php(149): Illuminate\\Container\\Container->call(Array, Array)
#24 /Users/mr/PhpstormProjects/book-review-portal/vendor/laravel/framework/src/Illuminate/Database/Console/Seeds/SeedCommand.php(66): Illuminate\\Database\\Seeder->__invoke()
#25 /Users/mr/PhpstormProjects/book-review-portal/vendor/laravel/framework/src/Illuminate/Database/Eloquent/Concerns/GuardsAttributes.php(157): Illuminate\\Database\\Console\\Seeds\\SeedCommand->Illuminate\\Database\\Console\\Seeds\\{closure}()
#26 /Users/mr/PhpstormProjects/book-review-portal/vendor/laravel/framework/src/Illuminate/Database/Console/Seeds/SeedCommand.php(67): Illuminate\\Database\\Eloquent\\Model::unguarded(Object(Closure))
#27 /Users/mr/PhpstormProjects/book-review-portal/vendor/laravel/framework/src/Illuminate/Container/BoundMethod.php(36): Illuminate\\Database\\Console\\Seeds\\SeedCommand->handle()
#28 /Users/mr/PhpstormProjects/book-review-portal/vendor/laravel/framework/src/Illuminate/Container/Util.php(40): Illuminate\\Container\\BoundMethod::Illuminate\\Container\\{closure}()
#29 /Users/mr/PhpstormProjects/book-review-portal/vendor/laravel/framework/src/Illuminate/Container/BoundMethod.php(93): Illuminate\\Container\\Util::unwrapIfClosure(Object(Closure))
#30 /Users/mr/PhpstormProjects/book-review-portal/vendor/laravel/framework/src/Illuminate/Container/BoundMethod.php(37): Illuminate\\Container\\BoundMethod::callBoundMethod(Object(Illuminate\\Foundation\\Application), Array, Object(Closure))
#31 /Users/mr/PhpstormProjects/book-review-portal/vendor/laravel/framework/src/Illuminate/Container/Container.php(653): Illuminate\\Container\\BoundMethod::call(Object(Illuminate\\Foundation\\Application), Array, Array, NULL)
#32 /Users/mr/PhpstormProjects/book-review-portal/vendor/laravel/framework/src/Illuminate/Console/Command.php(136): Illuminate\\Container\\Container->call(Array)
#33 /Users/mr/PhpstormProjects/book-review-portal/vendor/symfony/console/Command/Command.php(298): Illuminate\\Console\\Command->execute(Object(Symfony\\Component\\Console\\Input\\ArgvInput), Object(Illuminate\\Console\\OutputStyle))
#34 /Users/mr/PhpstormProjects/book-review-portal/vendor/laravel/framework/src/Illuminate/Console/Command.php(121): Symfony\\Component\\Console\\Command\\Command->run(Object(Symfony\\Component\\Console\\Input\\ArgvInput), Object(Illuminate\\Console\\OutputStyle))
#35 /Users/mr/PhpstormProjects/book-review-portal/vendor/symfony/console/Application.php(1040): Illuminate\\Console\\Command->run(Object(Symfony\\Component\\Console\\Input\\ArgvInput), Object(Symfony\\Component\\Console\\Output\\ConsoleOutput))
#36 /Users/mr/PhpstormProjects/book-review-portal/vendor/symfony/console/Application.php(301): Symfony\\Component\\Console\\Application->doRunCommand(Object(Illuminate\\Database\\Console\\Seeds\\SeedCommand), Object(Symfony\\Component\\Console\\Input\\ArgvInput), Object(Symfony\\Component\\Console\\Output\\ConsoleOutput))
#37 /Users/mr/PhpstormProjects/book-review-portal/vendor/symfony/console/Application.php(171): Symfony\\Component\\Console\\Application->doRun(Object(Symfony\\Component\\Console\\Input\\ArgvInput), Object(Symfony\\Component\\Console\\Output\\ConsoleOutput))
#38 /Users/mr/PhpstormProjects/book-review-portal/vendor/laravel/framework/src/Illuminate/Console/Application.php(94): Symfony\\Component\\Console\\Application->run(Object(Symfony\\Component\\Console\\Input\\ArgvInput), Object(Symfony\\Component\\Console\\Output\\ConsoleOutput))
#39 /Users/mr/PhpstormProjects/book-review-portal/vendor/laravel/framework/src/Illuminate/Foundation/Console/Kernel.php(129): Illuminate\\Console\\Application->run(Object(Symfony\\Component\\Console\\Input\\ArgvInput), Object(Symfony\\Component\\Console\\Output\\ConsoleOutput))
#40 /Users/mr/PhpstormProjects/book-review-portal/artisan(16): Illuminate\\Foundation\\Console\\Kernel->handle(Object(Symfony\\Component\\Console\\Input\\ArgvInput), Object(Symfony\\Component\\Console\\Output\\ConsoleOutput))
#41 {main}
"} 
[2025-11-17 05:51:29] laravel.EMERGENCY: Unable to create configured logger. Using emergency logger. {"exception":"[object] (InvalidArgumentException(code: 0): Log [] is not defined. at /Users/mr/PhpstormProjects/book-review-portal/vendor/laravel/framework/src/Illuminate/Log/LogManager.php:200)
[stacktrace]
#0 /Users/mr/PhpstormProjects/book-review-portal/vendor/laravel/framework/src/Illuminate/Log/LogManager.php(125): Illuminate\\Log\\LogManager->resolve(NULL, NULL)
#1 /Users/mr/PhpstormProjects/book-review-portal/vendor/laravel/framework/src/Illuminate/Log/LogManager.php(112): Illuminate\\Log\\LogManager->get(NULL)
#2 /Users/mr/PhpstormProjects/book-review-portal/vendor/laravel/framework/src/Illuminate/Log/LogManager.php(590): Illuminate\\Log\\LogManager->driver()
#3 /Users/mr/PhpstormProjects/book-review-portal/vendor/laravel/framework/src/Illuminate/Foundation/Exceptions/Handler.php(252): Illuminate\\Log\\LogManager->error('Trying to acces...', Array)
#4 /Users/mr/PhpstormProjects/book-review-portal/vendor/laravel/framework/src/Illuminate/Routing/Pipeline.php(49): Illuminate\\Foundation\\Exceptions\\Handler->report(Object(ErrorException))
#5 /Users/mr/PhpstormProjects/book-review-portal/vendor/laravel/framework/src/Illuminate/Pipeline/Pipeline.php(172): Illuminate\\Routing\\Pipeline->handleException(Object(Illuminate\\Http\\Request), Object(ErrorException))
#6 /Users/mr/PhpstormProjects/book-review-portal/vendor/laravel/framework/src/Illuminate/Cookie/Middleware/EncryptCookies.php(67): Illuminate\\Pipeline\\Pipeline->Illuminate\\Pipeline\\{closure}(Object(Illuminate\\Http\\Request))
#7 /Users/mr/PhpstormProjects/book-review-portal/vendor/laravel/framework/src/Illuminate/Pipeline/Pipeline.php(167): Illuminate\\Cookie\\Middleware\\EncryptCookies->handle(Object(Illuminate\\Http\\Request), Object(Closure))
#8 /Users/mr/PhpstormProjects/book-review-portal/vendor/laravel/framework/src/Illuminate/Pipeline/Pipeline.php(103): Illuminate\\Pipeline\\Pipeline->Illuminate\\Pipeline\\{closure}(Object(Illuminate\\Http\\Request))
#9 /Users/mr/PhpstormProjects/book-review-portal/vendor/laravel/framework/src/Illuminate/Routing/Router.php(723): Illuminate\\Pipeline\\Pipeline->then(Object(Closure))
#10 /Users/mr/PhpstormProjects/book-review-portal/vendor/laravel/framework/src/Illuminate/Routing/Router.php(698): Illuminate\\Routing\\Router->runRouteWithinStack(Object(Illuminate\\Routing\\Route), Object(Illuminate\\Http\\Request))
#11 /Users/mr/PhpstormProjects/book-review-portal/vendor/laravel/framework/src/Illuminate/Routing/Router.php(662): Illuminate\\Routing\\Router->runRoute(Object(Illuminate\\Http\\Request), Object(Illuminate\\Routing\\Route))
#12 /Users/mr/PhpstormProjects/book-review-portal/vendor/laravel/framework/src/Illuminate/Routing/Router.php(651): Illuminate\\Routing\\Router->dispatchToRoute(Object(Illuminate\\Http\\Request))
#13 /Users/mr/PhpstormProjects/book-review-portal/vendor/laravel/framework/src/Illuminate/Foundation/Http/Kernel.php(167): Illuminate\\Routing\\Router->dispatch(Object(Illuminate\\Http\\Request))
#14 /Users/mr/PhpstormProjects/book-review-portal/vendor/laravel/framework/src/Illuminate/Pipeline/Pipeline.php(128): Illuminate\\Foundation\\Http\\Kernel->Illuminate\\Foundation\\Http\\{closure}(Object(Illuminate\\Http\\Request))
#15 /Users/mr/PhpstormProjects/book-review-portal/vendor/laravel/framework/src/Illuminate/Foundation/Http/Middleware/TransformsRequest.php(21): Illuminate\\Pipeline\\Pipeline->Illuminate\\Pipeline\\{closure}(Object(Illuminate\\Http\\Request))
#16 /Users/mr/PhpstormProjects/book-review-portal/vendor/laravel/framework/src/Illuminate/Foundation/Http/Middleware/ConvertEmptyStringsToNull.php(31): Illuminate\\Foundation\\Http\\Middleware\\TransformsRequest->handle(Object(Illuminate\\Http\\Request), Object(Closure))
#17 /Users/mr/PhpstormProjects/book-review-portal/vendor/laravel/framework/src/Illuminate/Pipeline/Pipeline.php(167): Illuminate\\Foundation\\Http\\Middleware\\ConvertEmptyStringsToNull->handle(Object(Illuminate\\Http\\Request), Object(Closure))
#18 /Users/mr/PhpstormProjects/book-review-portal/vendor/laravel/framework/src/Illuminate/Foundation/Http/Middleware/TransformsRequest.php(21): Illuminate\\Pipeline\\Pipeline->Illuminate\\Pipeline\\{closure}(Object(Illuminate\\Http\\Request))
#19 /Users/mr/PhpstormProjects/book-review-portal/vendor/laravel/framework/src/Illuminate/Foundation/Http/Middleware/TrimStrings.php(40): Illuminate\\Foundation\\Http\\Middleware\\TransformsRequest->handle(Object(Illuminate\\Http\\Request), Object(Closure))
#20 /Users/mr/PhpstormProjects/book-review-portal/vendor/laravel/framework/src/Illuminate/Pipeline/Pipeline.php(167): Illuminate\\Foundation\\Http\\Middleware\\TrimStrings->handle(Object(Illuminate\\Http\\Request), Object(Closure))
#21 /Users/mr/PhpstormProjects/book-review-portal/vendor/laravel/framework/src/Illuminate/Foundation/Http/Middleware/ValidatePostSize.php(27): Illuminate\\Pipeline\\Pipeline->Illuminate\\Pipeline\\{closure}(Object(Illuminate\\Http\\Request))
#22 /Users/mr/PhpstormProjects/book-review-portal/vendor/laravel/framework/src/Illuminate/Pipeline/Pipeline.php(167): Illuminate\\Foundation\\Http\\Middleware\\ValidatePostSize->handle(Object(Illuminate\\Http\\Request), Object(Closure))
#23 /Users/mr/PhpstormProjects/book-review-portal/vendor/laravel/framework/src/Illuminate/Foundation/Http/Middleware/PreventRequestsDuringMaintenance.php(86): Illuminate\\Pipeline\\Pipeline->Illuminate\\Pipeline\\{closure}(Object(Illuminate\\Http\\Request))
#24 /Users/mr/PhpstormProjects/book-review-portal/vendor/laravel/framework/src/Illuminate/Pipeline/Pipeline.php(167): Illuminate\\Foundation\\Http\\Middleware\\PreventRequestsDuringMaintenance->handle(Object(Illuminate\\Http\\Request), Object(Closure))
#25 /Users/mr/PhpstormProjects/book-review-portal/vendor/fruitcake/laravel-cors/src/HandleCors.php(38): Illuminate\\Pipeline\\Pipeline->Illuminate\\Pipeline\\{closure}(Object(Illuminate\\Http\\Request))
#26 /Users/mr/PhpstormProjects/book-review-portal/vendor/laravel/framework/src/Illuminate/Pipeline/Pipeline.php(167): Fruitcake\\Cors\\HandleCors->handle(Object(Illuminate\\Http\\Request), Object(Closure))
#27 /Users/mr/PhpstormProjects/book-review-portal/vendor/laravel/framework/src/Illuminate/Http/Middleware/TrustProxies.php(39): Illuminate\\Pipeline\\Pipeline->Illuminate\\Pipeline\\{closure}(Object(Illuminate\\Http\\Request))
#28 /Users/mr/PhpstormProjects/book-review-portal/vendor/laravel/framework/src/Illuminate/Pipeline/Pipeline.php(167): Illuminate\\Http\\Middleware\\TrustProxies->handle(Object(Illuminate\\Http\\Request), Object(Closure))
#29 /Users/mr/PhpstormProjects/book-review-portal/vendor/laravel/framework/src/Illuminate/Pipeline/Pipeline.php(103): Illuminate\\Pipeline\\Pipeline->Illuminate\\Pipeline\\{closure}(Object(Illuminate\\Http\\Request))
#30 /Users/mr/PhpstormProjects/book-review-portal/vendor/laravel/framework/src/Illuminate/Foundation/Http/Kernel.php(142): Illuminate\\Pipeline\\Pipeline->then(Object(Closure))
#31 /Users/mr/PhpstormProjects/book-review-portal/vendor/laravel/framework/src/Illuminate/Foundation/Http/Kernel.php(111): Illuminate\\Foundation\\Http\\Kernel->sendRequestThroughRouter(Object(Illuminate\\Http\\Request))
#32 /Users/mr/PhpstormProjects/book-review-portal/public/index.php(55): Illuminate\\Foundation\\Http\\Kernel->handle(Object(Illuminate\\Http\\Request))
#33 /Users/mr/PhpstormProjects/book-review-portal/server.php(21): require_once('/Users/mr/Phpst...')
#34 {main}
"} 
[2025-11-17 05:51:29] laravel.ERROR: Trying to access array offset on value of type null {"exception":"[object] (ErrorException(code: 0): Trying to access array offset on value of type null at /Users/mr/PhpstormProjects/book-review-portal/vendor/laravel/framework/src/Illuminate/Cookie/CookieServiceProvider.php:20)
[stacktrace]
#0 /Users/mr/PhpstormProjects/book-review-portal/vendor/laravel/framework/src/Illuminate/Cookie/CookieServiceProvider.php(20): Illuminate\\Foundation\\Bootstrap\\HandleExceptions->handleError(8, 'Trying to acces...', '/Users/mr/Phpst...', 20, Array)
#1 /Users/mr/PhpstormProjects/book-review-portal/vendor/laravel/framework/src/Illuminate/Container/Container.php(873): Illuminate\\Cookie\\CookieServiceProvider->Illuminate\\Cookie\\{closure}(Object(Illuminate\\Foundation\\Application), Array)
#2 /Users/mr/PhpstormProjects/book-review-portal/vendor/laravel/framework/src/Illuminate/Container/Container.php(758): Illuminate\\Container\\Container->build(Object(Closure))
#3 /Users/mr/PhpstormProjects/book-review-portal/vendor/laravel/framework/src/Illuminate/Foundation/Application.php(853): Illuminate\\Container\\Container->resolve('cookie', Array, true)
#4 /Users/mr/PhpstormProjects/book-review-portal/vendor/laravel/framework/src/Illuminate/Container/Container.php(694): Illuminate\\Foundation\\Application->resolve('cookie', Array)
#5 /Users/mr/PhpstormProjects/book-review-portal/vendor/laravel/framework/src/Illuminate/Foundation/Application.php(838): Illuminate\\Container\\Container->make('cookie', Array)
#6 /Users/mr/PhpstormProjects/book-review-portal/vendor/laravel/framework/src/Illuminate/Container/Container.php(1027): Illuminate\\Foundation\\Application->make('cookie')
#7 /Users/mr/PhpstormProjects/book-review-portal/vendor/laravel/framework/src/Illuminate/Container/Container.php(947): Illuminate\\Container\\Container->resolveClass(Object(ReflectionParameter))
#8 /Users/mr/PhpstormProjects/book-review-portal/vendor/laravel/framework/src/Illuminate/Container/Container.php(908): Illuminate\\Container\\Container->resolveDependencies(Array)
#9 /Users/mr/PhpstormProjects/book-review-portal/vendor/laravel/framework/src/Illuminate/Container/Container.php(758): Illuminate\\Container\\Container->build('Illuminate\\\\Cook...')
#10 /Users/mr/PhpstormProjects/book-review-portal/vendor/laravel/framework/src/Illuminate/Foundation/Application.php(853): Illuminate\\Container\\Container->resolve('Illuminate\\\\Cook...', Array, true)
#11 /Users/mr/PhpstormProjects/book-review-portal/vendor/laravel/framework/src/Illuminate/Container/Container.php(694): Illuminate\\Foundation\\Application->resolve('Illuminate\\\\Cook...', Array)
#12 /Users/mr/PhpstormProjects/book-review-portal/vendor/laravel/framework/src/Illuminate/Foundation/Application.php(838): Illuminate\\Container\\Container->make('Illuminate\\\\Cook...', Array)
#13 /Users/mr/PhpstormProjects/book-review-portal/vendor/laravel/framework/src/Illuminate/Pipeline/Pipeline.php(156): Illuminate\\Foundation\\Application->make('Illuminate\\\\Cook...')
#14 /Users/mr/PhpstormProjects/book-review-portal/vendor/laravel/framework/src/Illuminate/Cookie/Middleware/EncryptCookies.php(67): Illuminate\\Pipeline\\Pipeline->Illuminate\\Pipeline\\{closure}(Object(Illuminate\\Http\\Request))
#15 /Users/mr/PhpstormProjects/book-review-portal/vendor/laravel/framework/src/Illuminate/Pipeline/Pipeline.php(167): Illuminate\\Cookie\\Middleware\\EncryptCookies->handle(Object(Illuminate\\Http\\Request), Object(Closure))
#16 /Users/mr/PhpstormProjects/book-review-portal/vendor/laravel/framework/src/Illuminate/Pipeline/Pipeline.php(103): Illuminate\\Pipeline\\Pipeline->Illuminate\\Pipeline\\{closure}(Object(Illuminate\\Http\\Request))
#17 /Users/mr/PhpstormProjects/book-review-portal/vendor/laravel/framework/src/Illuminate/Routing/Router.php(723): Illuminate\\Pipeline\\Pipeline->then(Object(Closure))
#18 /Users/mr/PhpstormProjects/book-review-portal/vendor/laravel/framework/src/Illuminate/Routing/Router.php(698): Illuminate\\Routing\\Router->runRouteWithinStack(Object(Illuminate\\Routing\\Route), Object(Illuminate\\Http\\Request))
#19 /Users/mr/PhpstormProjects/book-review-portal/vendor/laravel/framework/src/Illuminate/Routing/Router.php(662): Illuminate\\Routing\\Router->runRoute(Object(Illuminate\\Http\\Request), Object(Illuminate\\Routing\\Route))
#20 /Users/mr/PhpstormProjects/book-review-portal/vendor/laravel/framework/src/Illuminate/Routing/Router.php(651): Illuminate\\Routing\\Router->dispatchToRoute(Object(Illuminate\\Http\\Request))
#21 /Users/mr/PhpstormProjects/book-review-portal/vendor/laravel/framework/src/Illuminate/Foundation/Http/Kernel.php(167): Illuminate\\Routing\\Router->dispatch(Object(Illuminate\\Http\\Request))
#22 /Users/mr/PhpstormProjects/book-review-portal/vendor/laravel/framework/src/Illuminate/Pipeline/Pipeline.php(128): Illuminate\\Foundation\\Http\\Kernel->Illuminate\\Foundation\\Http\\{closure}(Object(Illuminate\\Http\\Request))
#23 /Users/mr/PhpstormProjects/book-review-portal/vendor/laravel/framework/src/Illuminate/Foundation/Http/Middleware/TransformsRequest.php(21): Illuminate\\Pipeline\\Pipeline->Illuminate\\Pipeline\\{closure}(Object(Illuminate\\Http\\Request))
#24 /Users/mr/PhpstormProjects/book-review-portal/vendor/laravel/framework/src/Illuminate/Foundation/Http/Middleware/ConvertEmptyStringsToNull.php(31): Illuminate\\Foundation\\Http\\Middleware\\TransformsRequest->handle(Object(Illuminate\\Http\\Request), Object(Closure))
#25 /Users/mr/PhpstormProjects/book-review-portal/vendor/laravel/framework/src/Illuminate/Pipeline/Pipeline.php(167): Illuminate\\Foundation\\Http\\Middleware\\ConvertEmptyStringsToNull->handle(Object(Illuminate\\Http\\Request), Object(Closure))
#26 /Users/mr/PhpstormProjects/book-review-portal/vendor/laravel/framework/src/Illuminate/Foundation/Http/Middleware/TransformsRequest.php(21): Illuminate\\Pipeline\\Pipeline->Illuminate\\Pipeline\\{closure}(Object(Illuminate\\Http\\Request))
#27 /Users/mr/PhpstormProjects/book-review-portal/vendor/laravel/framework/src/Illuminate/Foundation/Http/Middleware/TrimStrings.php(40): Illuminate\\Foundation\\Http\\Middleware\\TransformsRequest->handle(Object(Illuminate\\Http\\Request), Object(Closure))
#28 /Users/mr/PhpstormProjects/book-review-portal/vendor/laravel/framework/src/Illuminate/Pipeline/Pipeline.php(167): Illuminate\\Foundation\\Http\\Middleware\\TrimStrings->handle(Object(Illuminate\\Http\\Request), Object(Closure))
#29 /Users/mr/PhpstormProjects/book-review-portal/vendor/laravel/framework/src/Illuminate/Foundation/Http/Middleware/ValidatePostSize.php(27): Illuminate\\Pipeline\\Pipeline->Illuminate\\Pipeline\\{closure}(Object(Illuminate\\Http\\Request))
#30 /Users/mr/PhpstormProjects/book-review-portal/vendor/laravel/framework/src/Illuminate/Pipeline/Pipeline.php(167): Illuminate\\Foundation\\Http\\Middleware\\ValidatePostSize->handle(Object(Illuminate\\Http\\Request), Object(Closure))
#31 /Users/mr/PhpstormProjects/book-review-portal/vendor/laravel/framework/src/Illuminate/Foundation/Http/Middleware/PreventRequestsDuringMaintenance.php(86): Illuminate\\Pipeline\\Pipeline->Illuminate\\Pipeline\\{closure}(Object(Illuminate\\Http\\Request))
#32 /Users/mr/PhpstormProjects/book-review-portal/vendor/laravel/framework/src/Illuminate/Pipeline/Pipeline.php(167): Illuminate\\Foundation\\Http\\Middleware\\PreventRequestsDuringMaintenance->handle(Object(Illuminate\\Http\\Request), Object(Closure))
#33 /Users/mr/PhpstormProjects/book-review-portal/vendor/fruitcake/laravel-cors/src/HandleCors.php(38): Illuminate\\Pipeline\\Pipeline->Illuminate\\Pipeline\\{closure}(Object(Illuminate\\Http\\Request))
#34 /Users/mr/PhpstormProjects/book-review-portal/vendor/laravel/framework/src/Illuminate/Pipeline/Pipeline.php(167): Fruitcake\\Cors\\HandleCors->handle(Object(Illuminate\\Http\\Request), Object(Closure))
#35 /Users/mr/PhpstormProjects/book-review-portal/vendor/laravel/framework/src/Illuminate/Http/Middleware/TrustProxies.php(39): Illuminate\\Pipeline\\Pipeline->Illuminate\\Pipeline\\{closure}(Object(Illuminate\\Http\\Request))
#36 /Users/mr/PhpstormProjects/book-review-portal/vendor/laravel/framework/src/Illuminate/Pipeline/Pipeline.php(167): Illuminate\\Http\\Middleware\\TrustProxies->handle(Object(Illuminate\\Http\\Request), Object(Closure))
#37 /Users/mr/PhpstormProjects/book-review-portal/vendor/laravel/framework/src/Illuminate/Pipeline/Pipeline.php(103): Illuminate\\Pipeline\\Pipeline->Illuminate\\Pipeline\\{closure}(Object(Illuminate\\Http\\Request))
#38 /Users/mr/PhpstormProjects/book-review-portal/vendor/laravel/framework/src/Illuminate/Foundation/Http/Kernel.php(142): Illuminate\\Pipeline\\Pipeline->then(Object(Closure))
#39 /Users/mr/PhpstormProjects/book-review-portal/vendor/laravel/framework/src/Illuminate/Foundation/Http/Kernel.php(111): Illuminate\\Foundation\\Http\\Kernel->sendRequestThroughRouter(Object(Illuminate\\Http\\Request))
#40 /Users/mr/PhpstormProjects/book-review-portal/public/index.php(55): Illuminate\\Foundation\\Http\\Kernel->handle(Object(Illuminate\\Http\\Request))
#41 /Users/mr/PhpstormProjects/book-review-portal/server.php(21): require_once('/Users/mr/Phpst...')
#42 {main}
"} 
[2025-11-17 05:51:29] laravel.EMERGENCY: Unable to create configured logger. Using emergency logger. {"exception":"[object] (InvalidArgumentException(code: 0): Log [] is not defined. at /Users/mr/PhpstormProjects/book-review-portal/vendor/laravel/framework/src/Illuminate/Log/LogManager.php:200)
[stacktrace]
#0 /Users/mr/PhpstormProjects/book-review-portal/vendor/laravel/framework/src/Illuminate/Log/LogManager.php(125): Illuminate\\Log\\LogManager->resolve(NULL, NULL)
#1 /Users/mr/PhpstormProjects/book-review-portal/vendor/laravel/framework/src/Illuminate/Log/LogManager.php(112): Illuminate\\Log\\LogManager->get(NULL)
#2 /Users/mr/PhpstormProjects/book-review-portal/vendor/laravel/framework/src/Illuminate/Log/LogManager.php(590): Illuminate\\Log\\LogManager->driver()
#3 /Users/mr/PhpstormProjects/book-review-portal/vendor/laravel/framework/src/Illuminate/Foundation/Exceptions/Handler.php(252): Illuminate\\Log\\LogManager->error('Trying to acces...', Array)
#4 /Users/mr/PhpstormProjects/book-review-portal/vendor/laravel/framework/src/Illuminate/Foundation/Bootstrap/HandleExceptions.php(165): Illuminate\\Foundation\\Exceptions\\Handler->report(Object(ErrorException))
#5 [internal function]: Illuminate\\Foundation\\Bootstrap\\HandleExceptions->handleException(Object(ErrorException))
#6 {main}
"} 
[2025-11-17 05:51:29] laravel.ERROR: Trying to access array offset on value of type null {"exception":"[object] (ErrorException(code: 0): Trying to access array offset on value of type null at /Users/mr/PhpstormProjects/book-review-portal/vendor/laravel/framework/src/Illuminate/Cookie/CookieServiceProvider.php:20)
[stacktrace]
#0 /Users/mr/PhpstormProjects/book-review-portal/vendor/laravel/framework/src/Illuminate/Cookie/CookieServiceProvider.php(20): Illuminate\\Foundation\\Bootstrap\\HandleExceptions->handleError(8, 'Trying to acces...', '/Users/mr/Phpst...', 20, Array)
#1 /Users/mr/PhpstormProjects/book-review-portal/vendor/laravel/framework/src/Illuminate/Container/Container.php(873): Illuminate\\Cookie\\CookieServiceProvider->Illuminate\\Cookie\\{closure}(Object(Illuminate\\Foundation\\Application), Array)
#2 /Users/mr/PhpstormProjects/book-review-portal/vendor/laravel/framework/src/Illuminate/Container/Container.php(758): Illuminate\\Container\\Container->build(Object(Closure))
#3 /Users/mr/PhpstormProjects/book-review-portal/vendor/laravel/framework/src/Illuminate/Foundation/Application.php(853): Illuminate\\Container\\Container->resolve('cookie', Array, true)
#4 /Users/mr/PhpstormProjects/book-review-portal/vendor/laravel/framework/src/Illuminate/Container/Container.php(694): Illuminate\\Foundation\\Application->resolve('cookie', Array)
#5 /Users/mr/PhpstormProjects/book-review-portal/vendor/laravel/framework/src/Illuminate/Foundation/Application.php(838): Illuminate\\Container\\Container->make('cookie', Array)
#6 /Users/mr/PhpstormProjects/book-review-portal/vendor/laravel/framework/src/Illuminate/Container/Container.php(1027): Illuminate\\Foundation\\Application->make('cookie')
#7 /Users/mr/PhpstormProjects/book-review-portal/vendor/laravel/framework/src/Illuminate/Container/Container.php(947): Illuminate\\Container\\Container->resolveClass(Object(ReflectionParameter))
#8 /Users/mr/PhpstormProjects/book-review-portal/vendor/laravel/framework/src/Illuminate/Container/Container.php(908): Illuminate\\Container\\Container->resolveDependencies(Array)
#9 /Users/mr/PhpstormProjects/book-review-portal/vendor/laravel/framework/src/Illuminate/Container/Container.php(758): Illuminate\\Container\\Container->build('Illuminate\\\\Cook...')
#10 /Users/mr/PhpstormProjects/book-review-portal/vendor/laravel/framework/src/Illuminate/Foundation/Application.php(853): Illuminate\\Container\\Container->resolve('Illuminate\\\\Cook...', Array, true)
#11 /Users/mr/PhpstormProjects/book-review-portal/vendor/laravel/framework/src/Illuminate/Container/Container.php(694): Illuminate\\Foundation\\Application->resolve('Illuminate\\\\Cook...', Array)
#12 /Users/mr/PhpstormProjects/book-review-portal/vendor/laravel/framework/src/Illuminate/Foundation/Application.php(838): Illuminate\\Container\\Container->make('Illuminate\\\\Cook...', Array)
#13 /Users/mr/PhpstormProjects/book-review-portal/vendor/laravel/framework/src/Illuminate/Foundation/Http/Kernel.php(206): Illuminate\\Foundation\\Application->make('Illuminate\\\\Cook...')
#14 /Users/mr/PhpstormProjects/book-review-portal/vendor/laravel/framework/src/Illuminate/Foundation/Http/Kernel.php(180): Illuminate\\Foundation\\Http\\Kernel->terminateMiddleware(Object(Illuminate\\Http\\Request), Object(Illuminate\\Http\\Response))
#15 /Users/mr/PhpstormProjects/book-review-portal/public/index.php(60): Illuminate\\Foundation\\Http\\Kernel->terminate(Object(Illuminate\\Http\\Request), Object(Illuminate\\Http\\Response))
#16 /Users/mr/PhpstormProjects/book-review-portal/server.php(21): require_once('/Users/mr/Phpst...')
#17 {main}
"} 
[2025-11-17 05:51:46] laravel.EMERGENCY: Unable to create configured logger. Using emergency logger. {"exception":"[object] (InvalidArgumentException(code: 0): Log [] is not defined. at /Users/mr/PhpstormProjects/book-review-portal/vendor/laravel/framework/src/Illuminate/Log/LogManager.php:200)
[stacktrace]
#0 /Users/mr/PhpstormProjects/book-review-portal/vendor/laravel/framework/src/Illuminate/Log/LogManager.php(125): Illuminate\\Log\\LogManager->resolve(NULL, NULL)
#1 /Users/mr/PhpstormProjects/book-review-portal/vendor/laravel/framework/src/Illuminate/Log/LogManager.php(112): Illuminate\\Log\\LogManager->get(NULL)
#2 /Users/mr/PhpstormProjects/book-review-portal/vendor/laravel/framework/src/Illuminate/Log/LogManager.php(590): Illuminate\\Log\\LogManager->driver()
#3 /Users/mr/PhpstormProjects/book-review-portal/vendor/laravel/framework/src/Illuminate/Foundation/Exceptions/Handler.php(252): Illuminate\\Log\\LogManager->error('Trying to acces...', Array)
#4 /Users/mr/PhpstormProjects/book-review-portal/vendor/laravel/framework/src/Illuminate/Routing/Pipeline.php(49): Illuminate\\Foundation\\Exceptions\\Handler->report(Object(ErrorException))
#5 /Users/mr/PhpstormProjects/book-review-portal/vendor/laravel/framework/src/Illuminate/Pipeline/Pipeline.php(172): Illuminate\\Routing\\Pipeline->handleException(Object(Illuminate\\Http\\Request), Object(ErrorException))
#6 /Users/mr/PhpstormProjects/book-review-portal/vendor/laravel/framework/src/Illuminate/Cookie/Middleware/EncryptCookies.php(67): Illuminate\\Pipeline\\Pipeline->Illuminate\\Pipeline\\{closure}(Object(Illuminate\\Http\\Request))
#7 /Users/mr/PhpstormProjects/book-review-portal/vendor/laravel/framework/src/Illuminate/Pipeline/Pipeline.php(167): Illuminate\\Cookie\\Middleware\\EncryptCookies->handle(Object(Illuminate\\Http\\Request), Object(Closure))
#8 /Users/mr/PhpstormProjects/book-review-portal/vendor/laravel/framework/src/Illuminate/Pipeline/Pipeline.php(103): Illuminate\\Pipeline\\Pipeline->Illuminate\\Pipeline\\{closure}(Object(Illuminate\\Http\\Request))
#9 /Users/mr/PhpstormProjects/book-review-portal/vendor/laravel/framework/src/Illuminate/Routing/Router.php(723): Illuminate\\Pipeline\\Pipeline->then(Object(Closure))
#10 /Users/mr/PhpstormProjects/book-review-portal/vendor/laravel/framework/src/Illuminate/Routing/Router.php(698): Illuminate\\Routing\\Router->runRouteWithinStack(Object(Illuminate\\Routing\\Route), Object(Illuminate\\Http\\Request))
#11 /Users/mr/PhpstormProjects/book-review-portal/vendor/laravel/framework/src/Illuminate/Routing/Router.php(662): Illuminate\\Routing\\Router->runRoute(Object(Illuminate\\Http\\Request), Object(Illuminate\\Routing\\Route))
#12 /Users/mr/PhpstormProjects/book-review-portal/vendor/laravel/framework/src/Illuminate/Routing/Router.php(651): Illuminate\\Routing\\Router->dispatchToRoute(Object(Illuminate\\Http\\Request))
#13 /Users/mr/PhpstormProjects/book-review-portal/vendor/laravel/framework/src/Illuminate/Foundation/Http/Kernel.php(167): Illuminate\\Routing\\Router->dispatch(Object(Illuminate\\Http\\Request))
#14 /Users/mr/PhpstormProjects/book-review-portal/vendor/laravel/framework/src/Illuminate/Pipeline/Pipeline.php(128): Illuminate\\Foundation\\Http\\Kernel->Illuminate\\Foundation\\Http\\{closure}(Object(Illuminate\\Http\\Request))
#15 /Users/mr/PhpstormProjects/book-review-portal/vendor/laravel/framework/src/Illuminate/Foundation/Http/Middleware/TransformsRequest.php(21): Illuminate\\Pipeline\\Pipeline->Illuminate\\Pipeline\\{closure}(Object(Illuminate\\Http\\Request))
#16 /Users/mr/PhpstormProjects/book-review-portal/vendor/laravel/framework/src/Illuminate/Foundation/Http/Middleware/ConvertEmptyStringsToNull.php(31): Illuminate\\Foundation\\Http\\Middleware\\TransformsRequest->handle(Object(Illuminate\\Http\\Request), Object(Closure))
#17 /Users/mr/PhpstormProjects/book-review-portal/vendor/laravel/framework/src/Illuminate/Pipeline/Pipeline.php(167): Illuminate\\Foundation\\Http\\Middleware\\ConvertEmptyStringsToNull->handle(Object(Illuminate\\Http\\Request), Object(Closure))
#18 /Users/mr/PhpstormProjects/book-review-portal/vendor/laravel/framework/src/Illuminate/Foundation/Http/Middleware/TransformsRequest.php(21): Illuminate\\Pipeline\\Pipeline->Illuminate\\Pipeline\\{closure}(Object(Illuminate\\Http\\Request))
#19 /Users/mr/PhpstormProjects/book-review-portal/vendor/laravel/framework/src/Illuminate/Foundation/Http/Middleware/TrimStrings.php(40): Illuminate\\Foundation\\Http\\Middleware\\TransformsRequest->handle(Object(Illuminate\\Http\\Request), Object(Closure))
#20 /Users/mr/PhpstormProjects/book-review-portal/vendor/laravel/framework/src/Illuminate/Pipeline/Pipeline.php(167): Illuminate\\Foundation\\Http\\Middleware\\TrimStrings->handle(Object(Illuminate\\Http\\Request), Object(Closure))
#21 /Users/mr/PhpstormProjects/book-review-portal/vendor/laravel/framework/src/Illuminate/Foundation/Http/Middleware/ValidatePostSize.php(27): Illuminate\\Pipeline\\Pipeline->Illuminate\\Pipeline\\{closure}(Object(Illuminate\\Http\\Request))
#22 /Users/mr/PhpstormProjects/book-review-portal/vendor/laravel/framework/src/Illuminate/Pipeline/Pipeline.php(167): Illuminate\\Foundation\\Http\\Middleware\\ValidatePostSize->handle(Object(Illuminate\\Http\\Request), Object(Closure))
#23 /Users/mr/PhpstormProjects/book-review-portal/vendor/laravel/framework/src/Illuminate/Foundation/Http/Middleware/PreventRequestsDuringMaintenance.php(86): Illuminate\\Pipeline\\Pipeline->Illuminate\\Pipeline\\{closure}(Object(Illuminate\\Http\\Request))
#24 /Users/mr/PhpstormProjects/book-review-portal/vendor/laravel/framework/src/Illuminate/Pipeline/Pipeline.php(167): Illuminate\\Foundation\\Http\\Middleware\\PreventRequestsDuringMaintenance->handle(Object(Illuminate\\Http\\Request), Object(Closure))
#25 /Users/mr/PhpstormProjects/book-review-portal/vendor/fruitcake/laravel-cors/src/HandleCors.php(38): Illuminate\\Pipeline\\Pipeline->Illuminate\\Pipeline\\{closure}(Object(Illuminate\\Http\\Request))
#26 /Users/mr/PhpstormProjects/book-review-portal/vendor/laravel/framework/src/Illuminate/Pipeline/Pipeline.php(167): Fruitcake\\Cors\\HandleCors->handle(Object(Illuminate\\Http\\Request), Object(Closure))
#27 /Users/mr/PhpstormProjects/book-review-portal/vendor/laravel/framework/src/Illuminate/Http/Middleware/TrustProxies.php(39): Illuminate\\Pipeline\\Pipeline->Illuminate\\Pipeline\\{closure}(Object(Illuminate\\Http\\Request))
#28 /Users/mr/PhpstormProjects/book-review-portal/vendor/laravel/framework/src/Illuminate/Pipeline/Pipeline.php(167): Illuminate\\Http\\Middleware\\TrustProxies->handle(Object(Illuminate\\Http\\Request), Object(Closure))
#29 /Users/mr/PhpstormProjects/book-review-portal/vendor/laravel/framework/src/Illuminate/Pipeline/Pipeline.php(103): Illuminate\\Pipeline\\Pipeline->Illuminate\\Pipeline\\{closure}(Object(Illuminate\\Http\\Request))
#30 /Users/mr/PhpstormProjects/book-review-portal/vendor/laravel/framework/src/Illuminate/Foundation/Http/Kernel.php(142): Illuminate\\Pipeline\\Pipeline->then(Object(Closure))
#31 /Users/mr/PhpstormProjects/book-review-portal/vendor/laravel/framework/src/Illuminate/Foundation/Http/Kernel.php(111): Illuminate\\Foundation\\Http\\Kernel->sendRequestThroughRouter(Object(Illuminate\\Http\\Request))
#32 /Users/mr/PhpstormProjects/book-review-portal/public/index.php(55): Illuminate\\Foundation\\Http\\Kernel->handle(Object(Illuminate\\Http\\Request))
#33 /Users/mr/PhpstormProjects/book-review-portal/server.php(21): require_once('/Users/mr/Phpst...')
#34 {main}
"} 
[2025-11-17 05:51:46] laravel.ERROR: Trying to access array offset on value of type null {"exception":"[object] (ErrorException(code: 0): Trying to access array offset on value of type null at /Users/mr/PhpstormProjects/book-review-portal/vendor/laravel/framework/src/Illuminate/Cookie/CookieServiceProvider.php:20)
[stacktrace]
#0 /Users/mr/PhpstormProjects/book-review-portal/vendor/laravel/framework/src/Illuminate/Cookie/CookieServiceProvider.php(20): Illuminate\\Foundation\\Bootstrap\\HandleExceptions->handleError(8, 'Trying to acces...', '/Users/mr/Phpst...', 20, Array)
#1 /Users/mr/PhpstormProjects/book-review-portal/vendor/laravel/framework/src/Illuminate/Container/Container.php(873): Illuminate\\Cookie\\CookieServiceProvider->Illuminate\\Cookie\\{closure}(Object(Illuminate\\Foundation\\Application), Array)
#2 /Users/mr/PhpstormProjects/book-review-portal/vendor/laravel/framework/src/Illuminate/Container/Container.php(758): Illuminate\\Container\\Container->build(Object(Closure))
#3 /Users/mr/PhpstormProjects/book-review-portal/vendor/laravel/framework/src/Illuminate/Foundation/Application.php(853): Illuminate\\Container\\Container->resolve('cookie', Array, true)
#4 /Users/mr/PhpstormProjects/book-review-portal/vendor/laravel/framework/src/Illuminate/Container/Container.php(694): Illuminate\\Foundation\\Application->resolve('cookie', Array)
#5 /Users/mr/PhpstormProjects/book-review-portal/vendor/laravel/framework/src/Illuminate/Foundation/Application.php(838): Illuminate\\Container\\Container->make('cookie', Array)
#6 /Users/mr/PhpstormProjects/book-review-portal/vendor/laravel/framework/src/Illuminate/Container/Container.php(1027): Illuminate\\Foundation\\Application->make('cookie')
#7 /Users/mr/PhpstormProjects/book-review-portal/vendor/laravel/framework/src/Illuminate/Container/Container.php(947): Illuminate\\Container\\Container->resolveClass(Object(ReflectionParameter))
#8 /Users/mr/PhpstormProjects/book-review-portal/vendor/laravel/framework/src/Illuminate/Container/Container.php(908): Illuminate\\Container\\Container->resolveDependencies(Array)
#9 /Users/mr/PhpstormProjects/book-review-portal/vendor/laravel/framework/src/Illuminate/Container/Container.php(758): Illuminate\\Container\\Container->build('Illuminate\\\\Cook...')
#10 /Users/mr/PhpstormProjects/book-review-portal/vendor/laravel/framework/src/Illuminate/Foundation/Application.php(853): Illuminate\\Container\\Container->resolve('Illuminate\\\\Cook...', Array, true)
#11 /Users/mr/PhpstormProjects/book-review-portal/vendor/laravel/framework/src/Illuminate/Container/Container.php(694): Illuminate\\Foundation\\Application->resolve('Illuminate\\\\Cook...', Array)
#12 /Users/mr/PhpstormProjects/book-review-portal/vendor/laravel/framework/src/Illuminate/Foundation/Application.php(838): Illuminate\\Container\\Container->make('Illuminate\\\\Cook...', Array)
#13 /Users/mr/PhpstormProjects/book-review-portal/vendor/laravel/framework/src/Illuminate/Pipeline/Pipeline.php(156): Illuminate\\Foundation\\Application->make('Illuminate\\\\Cook...')
#14 /Users/mr/PhpstormProjects/book-review-portal/vendor/laravel/framework/src/Illuminate/Cookie/Middleware/EncryptCookies.php(67): Illuminate\\Pipeline\\Pipeline->Illuminate\\Pipeline\\{closure}(Object(Illuminate\\Http\\Request))
#15 /Users/mr/PhpstormProjects/book-review-portal/vendor/laravel/framework/src/Illuminate/Pipeline/Pipeline.php(167): Illuminate\\Cookie\\Middleware\\EncryptCookies->handle(Object(Illuminate\\Http\\Request), Object(Closure))
#16 /Users/mr/PhpstormProjects/book-review-portal/vendor/laravel/framework/src/Illuminate/Pipeline/Pipeline.php(103): Illuminate\\Pipeline\\Pipeline->Illuminate\\Pipeline\\{closure}(Object(Illuminate\\Http\\Request))
#17 /Users/mr/PhpstormProjects/book-review-portal/vendor/laravel/framework/src/Illuminate/Routing/Router.php(723): Illuminate\\Pipeline\\Pipeline->then(Object(Closure))
#18 /Users/mr/PhpstormProjects/book-review-portal/vendor/laravel/framework/src/Illuminate/Routing/Router.php(698): Illuminate\\Routing\\Router->runRouteWithinStack(Object(Illuminate\\Routing\\Route), Object(Illuminate\\Http\\Request))
#19 /Users/mr/PhpstormProjects/book-review-portal/vendor/laravel/framework/src/Illuminate/Routing/Router.php(662): Illuminate\\Routing\\Router->runRoute(Object(Illuminate\\Http\\Request), Object(Illuminate\\Routing\\Route))
#20 /Users/mr/PhpstormProjects/book-review-portal/vendor/laravel/framework/src/Illuminate/Routing/Router.php(651): Illuminate\\Routing\\Router->dispatchToRoute(Object(Illuminate\\Http\\Request))
#21 /Users/mr/PhpstormProjects/book-review-portal/vendor/laravel/framework/src/Illuminate/Foundation/Http/Kernel.php(167): Illuminate\\Routing\\Router->dispatch(Object(Illuminate\\Http\\Request))
#22 /Users/mr/PhpstormProjects/book-review-portal/vendor/laravel/framework/src/Illuminate/Pipeline/Pipeline.php(128): Illuminate\\Foundation\\Http\\Kernel->Illuminate\\Foundation\\Http\\{closure}(Object(Illuminate\\Http\\Request))
#23 /Users/mr/PhpstormProjects/book-review-portal/vendor/laravel/framework/src/Illuminate/Foundation/Http/Middleware/TransformsRequest.php(21): Illuminate\\Pipeline\\Pipeline->Illuminate\\Pipeline\\{closure}(Object(Illuminate\\Http\\Request))
#24 /Users/mr/PhpstormProjects/book-review-portal/vendor/laravel/framework/src/Illuminate/Foundation/Http/Middleware/ConvertEmptyStringsToNull.php(31): Illuminate\\Foundation\\Http\\Middleware\\TransformsRequest->handle(Object(Illuminate\\Http\\Request), Object(Closure))
#25 /Users/mr/PhpstormProjects/book-review-portal/vendor/laravel/framework/src/Illuminate/Pipeline/Pipeline.php(167): Illuminate\\Foundation\\Http\\Middleware\\ConvertEmptyStringsToNull->handle(Object(Illuminate\\Http\\Request), Object(Closure))
#26 /Users/mr/PhpstormProjects/book-review-portal/vendor/laravel/framework/src/Illuminate/Foundation/Http/Middleware/TransformsRequest.php(21): Illuminate\\Pipeline\\Pipeline->Illuminate\\Pipeline\\{closure}(Object(Illuminate\\Http\\Request))
#27 /Users/mr/PhpstormProjects/book-review-portal/vendor/laravel/framework/src/Illuminate/Foundation/Http/Middleware/TrimStrings.php(40): Illuminate\\Foundation\\Http\\Middleware\\TransformsRequest->handle(Object(Illuminate\\Http\\Request), Object(Closure))
#28 /Users/mr/PhpstormProjects/book-review-portal/vendor/laravel/framework/src/Illuminate/Pipeline/Pipeline.php(167): Illuminate\\Foundation\\Http\\Middleware\\TrimStrings->handle(Object(Illuminate\\Http\\Request), Object(Closure))
#29 /Users/mr/PhpstormProjects/book-review-portal/vendor/laravel/framework/src/Illuminate/Foundation/Http/Middleware/ValidatePostSize.php(27): Illuminate\\Pipeline\\Pipeline->Illuminate\\Pipeline\\{closure}(Object(Illuminate\\Http\\Request))
#30 /Users/mr/PhpstormProjects/book-review-portal/vendor/laravel/framework/src/Illuminate/Pipeline/Pipeline.php(167): Illuminate\\Foundation\\Http\\Middleware\\ValidatePostSize->handle(Object(Illuminate\\Http\\Request), Object(Closure))
#31 /Users/mr/PhpstormProjects/book-review-portal/vendor/laravel/framework/src/Illuminate/Foundation/Http/Middleware/PreventRequestsDuringMaintenance.php(86): Illuminate\\Pipeline\\Pipeline->Illuminate\\Pipeline\\{closure}(Object(Illuminate\\Http\\Request))
#32 /Users/mr/PhpstormProjects/book-review-portal/vendor/laravel/framework/src/Illuminate/Pipeline/Pipeline.php(167): Illuminate\\Foundation\\Http\\Middleware\\PreventRequestsDuringMaintenance->handle(Object(Illuminate\\Http\\Request), Object(Closure))
#33 /Users/mr/PhpstormProjects/book-review-portal/vendor/fruitcake/laravel-cors/src/HandleCors.php(38): Illuminate\\Pipeline\\Pipeline->Illuminate\\Pipeline\\{closure}(Object(Illuminate\\Http\\Request))
#34 /Users/mr/PhpstormProjects/book-review-portal/vendor/laravel/framework/src/Illuminate/Pipeline/Pipeline.php(167): Fruitcake\\Cors\\HandleCors->handle(Object(Illuminate\\Http\\Request), Object(Closure))
#35 /Users/mr/PhpstormProjects/book-review-portal/vendor/laravel/framework/src/Illuminate/Http/Middleware/TrustProxies.php(39): Illuminate\\Pipeline\\Pipeline->Illuminate\\Pipeline\\{closure}(Object(Illuminate\\Http\\Request))
#36 /Users/mr/PhpstormProjects/book-review-portal/vendor/laravel/framework/src/Illuminate/Pipeline/Pipeline.php(167): Illuminate\\Http\\Middleware\\TrustProxies->handle(Object(Illuminate\\Http\\Request), Object(Closure))
#37 /Users/mr/PhpstormProjects/book-review-portal/vendor/laravel/framework/src/Illuminate/Pipeline/Pipeline.php(103): Illuminate\\Pipeline\\Pipeline->Illuminate\\Pipeline\\{closure}(Object(Illuminate\\Http\\Request))
#38 /Users/mr/PhpstormProjects/book-review-portal/vendor/laravel/framework/src/Illuminate/Foundation/Http/Kernel.php(142): Illuminate\\Pipeline\\Pipeline->then(Object(Closure))
#39 /Users/mr/PhpstormProjects/book-review-portal/vendor/laravel/framework/src/Illuminate/Foundation/Http/Kernel.php(111): Illuminate\\Foundation\\Http\\Kernel->sendRequestThroughRouter(Object(Illuminate\\Http\\Request))
#40 /Users/mr/PhpstormProjects/book-review-portal/public/index.php(55): Illuminate\\Foundation\\Http\\Kernel->handle(Object(Illuminate\\Http\\Request))
#41 /Users/mr/PhpstormProjects/book-review-portal/server.php(21): require_once('/Users/mr/Phpst...')
#42 {main}
"} 
[2025-11-17 05:51:46] laravel.EMERGENCY: Unable to create configured logger. Using emergency logger. {"exception":"[object] (InvalidArgumentException(code: 0): Log [] is not defined. at /Users/mr/PhpstormProjects/book-review-portal/vendor/laravel/framework/src/Illuminate/Log/LogManager.php:200)
[stacktrace]
#0 /Users/mr/PhpstormProjects/book-review-portal/vendor/laravel/framework/src/Illuminate/Log/LogManager.php(125): Illuminate\\Log\\LogManager->resolve(NULL, NULL)
#1 /Users/mr/PhpstormProjects/book-review-portal/vendor/laravel/framework/src/Illuminate/Log/LogManager.php(112): Illuminate\\Log\\LogManager->get(NULL)
#2 /Users/mr/PhpstormProjects/book-review-portal/vendor/laravel/framework/src/Illuminate/Log/LogManager.php(590): Illuminate\\Log\\LogManager->driver()
#3 /Users/mr/PhpstormProjects/book-review-portal/vendor/laravel/framework/src/Illuminate/Foundation/Exceptions/Handler.php(252): Illuminate\\Log\\LogManager->error('Trying to acces...', Array)
#4 /Users/mr/PhpstormProjects/book-review-portal/vendor/laravel/framework/src/Illuminate/Foundation/Bootstrap/HandleExceptions.php(165): Illuminate\\Foundation\\Exceptions\\Handler->report(Object(ErrorException))
#5 [internal function]: Illuminate\\Foundation\\Bootstrap\\HandleExceptions->handleException(Object(ErrorException))
#6 {main}
"} 
[2025-11-17 05:51:46] laravel.ERROR: Trying to access array offset on value of type null {"exception":"[object] (ErrorException(code: 0): Trying to access array offset on value of type null at /Users/mr/PhpstormProjects/book-review-portal/vendor/laravel/framework/src/Illuminate/Cookie/CookieServiceProvider.php:20)
[stacktrace]
#0 /Users/mr/PhpstormProjects/book-review-portal/vendor/laravel/framework/src/Illuminate/Cookie/CookieServiceProvider.php(20): Illuminate\\Foundation\\Bootstrap\\HandleExceptions->handleError(8, 'Trying to acces...', '/Users/mr/Phpst...', 20, Array)
#1 /Users/mr/PhpstormProjects/book-review-portal/vendor/laravel/framework/src/Illuminate/Container/Container.php(873): Illuminate\\Cookie\\CookieServiceProvider->Illuminate\\Cookie\\{closure}(Object(Illuminate\\Foundation\\Application), Array)
#2 /Users/mr/PhpstormProjects/book-review-portal/vendor/laravel/framework/src/Illuminate/Container/Container.php(758): Illuminate\\Container\\Container->build(Object(Closure))
#3 /Users/mr/PhpstormProjects/book-review-portal/vendor/laravel/framework/src/Illuminate/Foundation/Application.php(853): Illuminate\\Container\\Container->resolve('cookie', Array, true)
#4 /Users/mr/PhpstormProjects/book-review-portal/vendor/laravel/framework/src/Illuminate/Container/Container.php(694): Illuminate\\Foundation\\Application->resolve('cookie', Array)
#5 /Users/mr/PhpstormProjects/book-review-portal/vendor/laravel/framework/src/Illuminate/Foundation/Application.php(838): Illuminate\\Container\\Container->make('cookie', Array)
#6 /Users/mr/PhpstormProjects/book-review-portal/vendor/laravel/framework/src/Illuminate/Container/Container.php(1027): Illuminate\\Foundation\\Application->make('cookie')
#7 /Users/mr/PhpstormProjects/book-review-portal/vendor/laravel/framework/src/Illuminate/Container/Container.php(947): Illuminate\\Container\\Container->resolveClass(Object(ReflectionParameter))
#8 /Users/mr/PhpstormProjects/book-review-portal/vendor/laravel/framework/src/Illuminate/Container/Container.php(908): Illuminate\\Container\\Container->resolveDependencies(Array)
#9 /Users/mr/PhpstormProjects/book-review-portal/vendor/laravel/framework/src/Illuminate/Container/Container.php(758): Illuminate\\Container\\Container->build('Illuminate\\\\Cook...')
#10 /Users/mr/PhpstormProjects/book-review-portal/vendor/laravel/framework/src/Illuminate/Foundation/Application.php(853): Illuminate\\Container\\Container->resolve('Illuminate\\\\Cook...', Array, true)
#11 /Users/mr/PhpstormProjects/book-review-portal/vendor/laravel/framework/src/Illuminate/Container/Container.php(694): Illuminate\\Foundation\\Application->resolve('Illuminate\\\\Cook...', Array)
#12 /Users/mr/PhpstormProjects/book-review-portal/vendor/laravel/framework/src/Illuminate/Foundation/Application.php(838): Illuminate\\Container\\Container->make('Illuminate\\\\Cook...', Array)
#13 /Users/mr/PhpstormProjects/book-review-portal/vendor/laravel/framework/src/Illuminate/Foundation/Http/Kernel.php(206): Illuminate\\Foundation\\Application->make('Illuminate\\\\Cook...')
#14 /Users/mr/PhpstormProjects/book-review-portal/vendor/laravel/framework/src/Illuminate/Foundation/Http/Kernel.php(180): Illuminate\\Foundation\\Http\\Kernel->terminateMiddleware(Object(Illuminate\\Http\\Request), Object(Illuminate\\Http\\Response))
#15 /Users/mr/PhpstormProjects/book-review-portal/public/index.php(60): Illuminate\\Foundation\\Http\\Kernel->terminate(Object(Illuminate\\Http\\Request), Object(Illuminate\\Http\\Response))
#16 /Users/mr/PhpstormProjects/book-review-portal/server.php(21): require_once('/Users/mr/Phpst...')
#17 {main}
"} 
[2025-11-17 05:52:04] laravel.EMERGENCY: Unable to create configured logger. Using emergency logger. {"exception":"[object] (InvalidArgumentException(code: 0): Log [] is not defined. at /Users/mr/PhpstormProjects/book-review-portal/vendor/laravel/framework/src/Illuminate/Log/LogManager.php:200)
[stacktrace]
#0 /Users/mr/PhpstormProjects/book-review-portal/vendor/laravel/framework/src/Illuminate/Log/LogManager.php(125): Illuminate\\Log\\LogManager->resolve(NULL, NULL)
#1 /Users/mr/PhpstormProjects/book-review-portal/vendor/laravel/framework/src/Illuminate/Log/LogManager.php(112): Illuminate\\Log\\LogManager->get(NULL)
#2 /Users/mr/PhpstormProjects/book-review-portal/vendor/laravel/framework/src/Illuminate/Log/LogManager.php(590): Illuminate\\Log\\LogManager->driver()
#3 /Users/mr/PhpstormProjects/book-review-portal/vendor/laravel/framework/src/Illuminate/Foundation/Exceptions/Handler.php(252): Illuminate\\Log\\LogManager->error('Argument 2 pass...', Array)
#4 /Users/mr/PhpstormProjects/book-review-portal/vendor/laravel/framework/src/Illuminate/Routing/Pipeline.php(49): Illuminate\\Foundation\\Exceptions\\Handler->report(Object(TypeError))
#5 /Users/mr/PhpstormProjects/book-review-portal/vendor/laravel/framework/src/Illuminate/Pipeline/Pipeline.php(172): Illuminate\\Routing\\Pipeline->handleException(Object(Illuminate\\Http\\Request), Object(TypeError))
#6 /Users/mr/PhpstormProjects/book-review-portal/vendor/laravel/framework/src/Illuminate/Session/Middleware/StartSession.php(121): Illuminate\\Pipeline\\Pipeline->Illuminate\\Pipeline\\{closure}(Object(Illuminate\\Http\\Request))
#7 /Users/mr/PhpstormProjects/book-review-portal/vendor/laravel/framework/src/Illuminate/Session/Middleware/StartSession.php(64): Illuminate\\Session\\Middleware\\StartSession->handleStatefulRequest(Object(Illuminate\\Http\\Request), Object(Illuminate\\Session\\Store), Object(Closure))
#8 /Users/mr/PhpstormProjects/book-review-portal/vendor/laravel/framework/src/Illuminate/Pipeline/Pipeline.php(167): Illuminate\\Session\\Middleware\\StartSession->handle(Object(Illuminate\\Http\\Request), Object(Closure))
#9 /Users/mr/PhpstormProjects/book-review-portal/vendor/laravel/framework/src/Illuminate/Cookie/Middleware/AddQueuedCookiesToResponse.php(37): Illuminate\\Pipeline\\Pipeline->Illuminate\\Pipeline\\{closure}(Object(Illuminate\\Http\\Request))
#10 /Users/mr/PhpstormProjects/book-review-portal/vendor/laravel/framework/src/Illuminate/Pipeline/Pipeline.php(167): Illuminate\\Cookie\\Middleware\\AddQueuedCookiesToResponse->handle(Object(Illuminate\\Http\\Request), Object(Closure))
#11 /Users/mr/PhpstormProjects/book-review-portal/vendor/laravel/framework/src/Illuminate/Cookie/Middleware/EncryptCookies.php(67): Illuminate\\Pipeline\\Pipeline->Illuminate\\Pipeline\\{closure}(Object(Illuminate\\Http\\Request))
#12 /Users/mr/PhpstormProjects/book-review-portal/vendor/laravel/framework/src/Illuminate/Pipeline/Pipeline.php(167): Illuminate\\Cookie\\Middleware\\EncryptCookies->handle(Object(Illuminate\\Http\\Request), Object(Closure))
#13 /Users/mr/PhpstormProjects/book-review-portal/vendor/laravel/framework/src/Illuminate/Pipeline/Pipeline.php(103): Illuminate\\Pipeline\\Pipeline->Illuminate\\Pipeline\\{closure}(Object(Illuminate\\Http\\Request))
#14 /Users/mr/PhpstormProjects/book-review-portal/vendor/laravel/framework/src/Illuminate/Routing/Router.php(723): Illuminate\\Pipeline\\Pipeline->then(Object(Closure))
#15 /Users/mr/PhpstormProjects/book-review-portal/vendor/laravel/framework/src/Illuminate/Routing/Router.php(698): Illuminate\\Routing\\Router->runRouteWithinStack(Object(Illuminate\\Routing\\Route), Object(Illuminate\\Http\\Request))
#16 /Users/mr/PhpstormProjects/book-review-portal/vendor/laravel/framework/src/Illuminate/Routing/Router.php(662): Illuminate\\Routing\\Router->runRoute(Object(Illuminate\\Http\\Request), Object(Illuminate\\Routing\\Route))
#17 /Users/mr/PhpstormProjects/book-review-portal/vendor/laravel/framework/src/Illuminate/Routing/Router.php(651): Illuminate\\Routing\\Router->dispatchToRoute(Object(Illuminate\\Http\\Request))
#18 /Users/mr/PhpstormProjects/book-review-portal/vendor/laravel/framework/src/Illuminate/Foundation/Http/Kernel.php(167): Illuminate\\Routing\\Router->dispatch(Object(Illuminate\\Http\\Request))
#19 /Users/mr/PhpstormProjects/book-review-portal/vendor/laravel/framework/src/Illuminate/Pipeline/Pipeline.php(128): Illuminate\\Foundation\\Http\\Kernel->Illuminate\\Foundation\\Http\\{closure}(Object(Illuminate\\Http\\Request))
#20 /Users/mr/PhpstormProjects/book-review-portal/vendor/laravel/framework/src/Illuminate/Foundation/Http/Middleware/TransformsRequest.php(21): Illuminate\\Pipeline\\Pipeline->Illuminate\\Pipeline\\{closure}(Object(Illuminate\\Http\\Request))
#21 /Users/mr/PhpstormProjects/book-review-portal/vendor/laravel/framework/src/Illuminate/Foundation/Http/Middleware/ConvertEmptyStringsToNull.php(31): Illuminate\\Foundation\\Http\\Middleware\\TransformsRequest->handle(Object(Illuminate\\Http\\Request), Object(Closure))
#22 /Users/mr/PhpstormProjects/book-review-portal/vendor/laravel/framework/src/Illuminate/Pipeline/Pipeline.php(167): Illuminate\\Foundation\\Http\\Middleware\\ConvertEmptyStringsToNull->handle(Object(Illuminate\\Http\\Request), Object(Closure))
#23 /Users/mr/PhpstormProjects/book-review-portal/vendor/laravel/framework/src/Illuminate/Foundation/Http/Middleware/TransformsRequest.php(21): Illuminate\\Pipeline\\Pipeline->Illuminate\\Pipeline\\{closure}(Object(Illuminate\\Http\\Request))
#24 /Users/mr/PhpstormProjects/book-review-portal/vendor/laravel/framework/src/Illuminate/Foundation/Http/Middleware/TrimStrings.php(40): Illuminate\\Foundation\\Http\\Middleware\\TransformsRequest->handle(Object(Illuminate\\Http\\Request), Object(Closure))
#25 /Users/mr/PhpstormProjects/book-review-portal/vendor/laravel/framework/src/Illuminate/Pipeline/Pipeline.php(167): Illuminate\\Foundation\\Http\\Middleware\\TrimStrings->handle(Object(Illuminate\\Http\\Request), Object(Closure))
#26 /Users/mr/PhpstormProjects/book-review-portal/vendor/laravel/framework/src/Illuminate/Foundation/Http/Middleware/ValidatePostSize.php(27): Illuminate\\Pipeline\\Pipeline->Illuminate\\Pipeline\\{closure}(Object(Illuminate\\Http\\Request))
#27 /Users/mr/PhpstormProjects/book-review-portal/vendor/laravel/framework/src/Illuminate/Pipeline/Pipeline.php(167): Illuminate\\Foundation\\Http\\Middleware\\ValidatePostSize->handle(Object(Illuminate\\Http\\Request), Object(Closure))
#28 /Users/mr/PhpstormProjects/book-review-portal/vendor/laravel/framework/src/Illuminate/Foundation/Http/Middleware/PreventRequestsDuringMaintenance.php(86): Illuminate\\Pipeline\\Pipeline->Illuminate\\Pipeline\\{closure}(Object(Illuminate\\Http\\Request))
#29 /Users/mr/PhpstormProjects/book-review-portal/vendor/laravel/framework/src/Illuminate/Pipeline/Pipeline.php(167): Illuminate\\Foundation\\Http\\Middleware\\PreventRequestsDuringMaintenance->handle(Object(Illuminate\\Http\\Request), Object(Closure))
#30 /Users/mr/PhpstormProjects/book-review-portal/vendor/fruitcake/laravel-cors/src/HandleCors.php(38): Illuminate\\Pipeline\\Pipeline->Illuminate\\Pipeline\\{closure}(Object(Illuminate\\Http\\Request))
#31 /Users/mr/PhpstormProjects/book-review-portal/vendor/laravel/framework/src/Illuminate/Pipeline/Pipeline.php(167): Fruitcake\\Cors\\HandleCors->handle(Object(Illuminate\\Http\\Request), Object(Closure))
#32 /Users/mr/PhpstormProjects/book-review-portal/vendor/laravel/framework/src/Illuminate/Http/Middleware/TrustProxies.php(39): Illuminate\\Pipeline\\Pipeline->Illuminate\\Pipeline\\{closure}(Object(Illuminate\\Http\\Request))
#33 /Users/mr/PhpstormProjects/book-review-portal/vendor/laravel/framework/src/Illuminate/Pipeline/Pipeline.php(167): Illuminate\\Http\\Middleware\\TrustProxies->handle(Object(Illuminate\\Http\\Request), Object(Closure))
#34 /Users/mr/PhpstormProjects/book-review-portal/vendor/laravel/framework/src/Illuminate/Pipeline/Pipeline.php(103): Illuminate\\Pipeline\\Pipeline->Illuminate\\Pipeline\\{closure}(Object(Illuminate\\Http\\Request))
#35 /Users/mr/PhpstormProjects/book-review-portal/vendor/laravel/framework/src/Illuminate/Foundation/Http/Kernel.php(142): Illuminate\\Pipeline\\Pipeline->then(Object(Closure))
#36 /Users/mr/PhpstormProjects/book-review-portal/vendor/laravel/framework/src/Illuminate/Foundation/Http/Kernel.php(111): Illuminate\\Foundation\\Http\\Kernel->sendRequestThroughRouter(Object(Illuminate\\Http\\Request))
#37 /Users/mr/PhpstormProjects/book-review-portal/public/index.php(55): Illuminate\\Foundation\\Http\\Kernel->handle(Object(Illuminate\\Http\\Request))
#38 /Users/mr/PhpstormProjects/book-review-portal/server.php(21): require_once('/Users/mr/Phpst...')
#39 {main}
"} 
[2025-11-17 05:52:04] laravel.ERROR: Argument 2 passed to Illuminate\View\FileViewFinder::__construct() must be of the type array, null given, called in /Users/mr/PhpstormProjects/book-review-portal/vendor/laravel/framework/src/Illuminate/View/ViewServiceProvider.php on line 76 {"exception":"[object] (TypeError(code: 0): Argument 2 passed to Illuminate\\View\\FileViewFinder::__construct() must be of the type array, null given, called in /Users/mr/PhpstormProjects/book-review-portal/vendor/laravel/framework/src/Illuminate/View/ViewServiceProvider.php on line 76 at /Users/mr/PhpstormProjects/book-review-portal/vendor/laravel/framework/src/Illuminate/View/FileViewFinder.php:53)
[stacktrace]
#0 /Users/mr/PhpstormProjects/book-review-portal/vendor/laravel/framework/src/Illuminate/View/ViewServiceProvider.php(76): Illuminate\\View\\FileViewFinder->__construct(Object(Illuminate\\Filesystem\\Filesystem), NULL)
#1 /Users/mr/PhpstormProjects/book-review-portal/vendor/laravel/framework/src/Illuminate/Container/Container.php(873): Illuminate\\View\\ViewServiceProvider->Illuminate\\View\\{closure}(Object(Illuminate\\Foundation\\Application), Array)
#2 /Users/mr/PhpstormProjects/book-review-portal/vendor/laravel/framework/src/Illuminate/Container/Container.php(758): Illuminate\\Container\\Container->build(Object(Closure))
#3 /Users/mr/PhpstormProjects/book-review-portal/vendor/laravel/framework/src/Illuminate/Foundation/Application.php(853): Illuminate\\Container\\Container->resolve('view.finder', Array, true)
#4 /Users/mr/PhpstormProjects/book-review-portal/vendor/laravel/framework/src/Illuminate/Container/Container.php(694): Illuminate\\Foundation\\Application->resolve('view.finder', Array)
#5 /Users/mr/PhpstormProjects/book-review-portal/vendor/laravel/framework/src/Illuminate/Foundation/Application.php(838): Illuminate\\Container\\Container->make('view.finder', Array)
#6 /Users/mr/PhpstormProjects/book-review-portal/vendor/laravel/framework/src/Illuminate/Container/Container.php(1419): Illuminate\\Foundation\\Application->make('view.finder')
#7 /Users/mr/PhpstormProjects/book-review-portal/vendor/laravel/framework/src/Illuminate/View/ViewServiceProvider.php(40): Illuminate\\Container\\Container->offsetGet('view.finder')
#8 /Users/mr/PhpstormProjects/book-review-portal/vendor/laravel/framework/src/Illuminate/Container/Container.php(873): Illuminate\\View\\ViewServiceProvider->Illuminate\\View\\{closure}(Object(Illuminate\\Foundation\\Application), Array)
#9 /Users/mr/PhpstormProjects/book-review-portal/vendor/laravel/framework/src/Illuminate/Container/Container.php(758): Illuminate\\Container\\Container->build(Object(Closure))
#10 /Users/mr/PhpstormProjects/book-review-portal/vendor/laravel/framework/src/Illuminate/Foundation/Application.php(853): Illuminate\\Container\\Container->resolve('view', Array, true)
#11 /Users/mr/PhpstormProjects/book-review-portal/vendor/laravel/framework/src/Illuminate/Container/Container.php(694): Illuminate\\Foundation\\Application->resolve('view', Array)
#12 /Users/mr/PhpstormProjects/book-review-portal/vendor/laravel/framework/src/Illuminate/Foundation/Application.php(838): Illuminate\\Container\\Container->make('view', Array)
#13 /Users/mr/PhpstormProjects/book-review-portal/vendor/laravel/framework/src/Illuminate/Container/Container.php(1027): Illuminate\\Foundation\\Application->make('view')
#14 /Users/mr/PhpstormProjects/book-review-portal/vendor/laravel/framework/src/Illuminate/Container/Container.php(947): Illuminate\\Container\\Container->resolveClass(Object(ReflectionParameter))
#15 /Users/mr/PhpstormProjects/book-review-portal/vendor/laravel/framework/src/Illuminate/Container/Container.php(908): Illuminate\\Container\\Container->resolveDependencies(Array)
#16 /Users/mr/PhpstormProjects/book-review-portal/vendor/laravel/framework/src/Illuminate/Container/Container.php(758): Illuminate\\Container\\Container->build('Illuminate\\\\View...')
#17 /Users/mr/PhpstormProjects/book-review-portal/vendor/laravel/framework/src/Illuminate/Foundation/Application.php(853): Illuminate\\Container\\Container->resolve('Illuminate\\\\View...', Array, true)
#18 /Users/mr/PhpstormProjects/book-review-portal/vendor/laravel/framework/src/Illuminate/Container/Container.php(694): Illuminate\\Foundation\\Application->resolve('Illuminate\\\\View...', Array)
#19 /Users/mr/PhpstormProjects/book-review-portal/vendor/laravel/framework/src/Illuminate/Foundation/Application.php(838): Illuminate\\Container\\Container->make('Illuminate\\\\View...', Array)
#20 /Users/mr/PhpstormProjects/book-review-portal/vendor/laravel/framework/src/Illuminate/Pipeline/Pipeline.php(156): Illuminate\\Foundation\\Application->make('Illuminate\\\\View...')
#21 /Users/mr/PhpstormProjects/book-review-portal/vendor/laravel/framework/src/Illuminate/Session/Middleware/StartSession.php(121): Illuminate\\Pipeline\\Pipeline->Illuminate\\Pipeline\\{closure}(Object(Illuminate\\Http\\Request))
#22 /Users/mr/PhpstormProjects/book-review-portal/vendor/laravel/framework/src/Illuminate/Session/Middleware/StartSession.php(64): Illuminate\\Session\\Middleware\\StartSession->handleStatefulRequest(Object(Illuminate\\Http\\Request), Object(Illuminate\\Session\\Store), Object(Closure))
#23 /Users/mr/PhpstormProjects/book-review-portal/vendor/laravel/framework/src/Illuminate/Pipeline/Pipeline.php(167): Illuminate\\Session\\Middleware\\StartSession->handle(Object(Illuminate\\Http\\Request), Object(Closure))
#24 /Users/mr/PhpstormProjects/book-review-portal/vendor/laravel/framework/src/Illuminate/Cookie/Middleware/AddQueuedCookiesToResponse.php(37): Illuminate\\Pipeline\\Pipeline->Illuminate\\Pipeline\\{closure}(Object(Illuminate\\Http\\Request))
#25 /Users/mr/PhpstormProjects/book-review-portal/vendor/laravel/framework/src/Illuminate/Pipeline/Pipeline.php(167): Illuminate\\Cookie\\Middleware\\AddQueuedCookiesToResponse->handle(Object(Illuminate\\Http\\Request), Object(Closure))
#26 /Users/mr/PhpstormProjects/book-review-portal/vendor/laravel/framework/src/Illuminate/Cookie/Middleware/EncryptCookies.php(67): Illuminate\\Pipeline\\Pipeline->Illuminate\\Pipeline\\{closure}(Object(Illuminate\\Http\\Request))
#27 /Users/mr/PhpstormProjects/book-review-portal/vendor/laravel/framework/src/Illuminate/Pipeline/Pipeline.php(167): Illuminate\\Cookie\\Middleware\\EncryptCookies->handle(Object(Illuminate\\Http\\Request), Object(Closure))
#28 /Users/mr/PhpstormProjects/book-review-portal/vendor/laravel/framework/src/Illuminate/Pipeline/Pipeline.php(103): Illuminate\\Pipeline\\Pipeline->Illuminate\\Pipeline\\{closure}(Object(Illuminate\\Http\\Request))
#29 /Users/mr/PhpstormProjects/book-review-portal/vendor/laravel/framework/src/Illuminate/Routing/Router.php(723): Illuminate\\Pipeline\\Pipeline->then(Object(Closure))
#30 /Users/mr/PhpstormProjects/book-review-portal/vendor/laravel/framework/src/Illuminate/Routing/Router.php(698): Illuminate\\Routing\\Router->runRouteWithinStack(Object(Illuminate\\Routing\\Route), Object(Illuminate\\Http\\Request))
#31 /Users/mr/PhpstormProjects/book-review-portal/vendor/laravel/framework/src/Illuminate/Routing/Router.php(662): Illuminate\\Routing\\Router->runRoute(Object(Illuminate\\Http\\Request), Object(Illuminate\\Routing\\Route))
#32 /Users/mr/PhpstormProjects/book-review-portal/vendor/laravel/framework/src/Illuminate/Routing/Router.php(651): Illuminate\\Routing\\Router->dispatchToRoute(Object(Illuminate\\Http\\Request))
#33 /Users/mr/PhpstormProjects/book-review-portal/vendor/laravel/framework/src/Illuminate/Foundation/Http/Kernel.php(167): Illuminate\\Routing\\Router->dispatch(Object(Illuminate\\Http\\Request))
#34 /Users/mr/PhpstormProjects/book-review-portal/vendor/laravel/framework/src/Illuminate/Pipeline/Pipeline.php(128): Illuminate\\Foundation\\Http\\Kernel->Illuminate\\Foundation\\Http\\{closure}(Object(Illuminate\\Http\\Request))
#35 /Users/mr/PhpstormProjects/book-review-portal/vendor/laravel/framework/src/Illuminate/Foundation/Http/Middleware/TransformsRequest.php(21): Illuminate\\Pipeline\\Pipeline->Illuminate\\Pipeline\\{closure}(Object(Illuminate\\Http\\Request))
#36 /Users/mr/PhpstormProjects/book-review-portal/vendor/laravel/framework/src/Illuminate/Foundation/Http/Middleware/ConvertEmptyStringsToNull.php(31): Illuminate\\Foundation\\Http\\Middleware\\TransformsRequest->handle(Object(Illuminate\\Http\\Request), Object(Closure))
#37 /Users/mr/PhpstormProjects/book-review-portal/vendor/laravel/framework/src/Illuminate/Pipeline/Pipeline.php(167): Illuminate\\Foundation\\Http\\Middleware\\ConvertEmptyStringsToNull->handle(Object(Illuminate\\Http\\Request), Object(Closure))
#38 /Users/mr/PhpstormProjects/book-review-portal/vendor/laravel/framework/src/Illuminate/Foundation/Http/Middleware/TransformsRequest.php(21): Illuminate\\Pipeline\\Pipeline->Illuminate\\Pipeline\\{closure}(Object(Illuminate\\Http\\Request))
#39 /Users/mr/PhpstormProjects/book-review-portal/vendor/laravel/framework/src/Illuminate/Foundation/Http/Middleware/TrimStrings.php(40): Illuminate\\Foundation\\Http\\Middleware\\TransformsRequest->handle(Object(Illuminate\\Http\\Request), Object(Closure))
#40 /Users/mr/PhpstormProjects/book-review-portal/vendor/laravel/framework/src/Illuminate/Pipeline/Pipeline.php(167): Illuminate\\Foundation\\Http\\Middleware\\TrimStrings->handle(Object(Illuminate\\Http\\Request), Object(Closure))
#41 /Users/mr/PhpstormProjects/book-review-portal/vendor/laravel/framework/src/Illuminate/Foundation/Http/Middleware/ValidatePostSize.php(27): Illuminate\\Pipeline\\Pipeline->Illuminate\\Pipeline\\{closure}(Object(Illuminate\\Http\\Request))
#42 /Users/mr/PhpstormProjects/book-review-portal/vendor/laravel/framework/src/Illuminate/Pipeline/Pipeline.php(167): Illuminate\\Foundation\\Http\\Middleware\\ValidatePostSize->handle(Object(Illuminate\\Http\\Request), Object(Closure))
#43 /Users/mr/PhpstormProjects/book-review-portal/vendor/laravel/framework/src/Illuminate/Foundation/Http/Middleware/PreventRequestsDuringMaintenance.php(86): Illuminate\\Pipeline\\Pipeline->Illuminate\\Pipeline\\{closure}(Object(Illuminate\\Http\\Request))
#44 /Users/mr/PhpstormProjects/book-review-portal/vendor/laravel/framework/src/Illuminate/Pipeline/Pipeline.php(167): Illuminate\\Foundation\\Http\\Middleware\\PreventRequestsDuringMaintenance->handle(Object(Illuminate\\Http\\Request), Object(Closure))
#45 /Users/mr/PhpstormProjects/book-review-portal/vendor/fruitcake/laravel-cors/src/HandleCors.php(38): Illuminate\\Pipeline\\Pipeline->Illuminate\\Pipeline\\{closure}(Object(Illuminate\\Http\\Request))
#46 /Users/mr/PhpstormProjects/book-review-portal/vendor/laravel/framework/src/Illuminate/Pipeline/Pipeline.php(167): Fruitcake\\Cors\\HandleCors->handle(Object(Illuminate\\Http\\Request), Object(Closure))
#47 /Users/mr/PhpstormProjects/book-review-portal/vendor/laravel/framework/src/Illuminate/Http/Middleware/TrustProxies.php(39): Illuminate\\Pipeline\\Pipeline->Illuminate\\Pipeline\\{closure}(Object(Illuminate\\Http\\Request))
#48 /Users/mr/PhpstormProjects/book-review-portal/vendor/laravel/framework/src/Illuminate/Pipeline/Pipeline.php(167): Illuminate\\Http\\Middleware\\TrustProxies->handle(Object(Illuminate\\Http\\Request), Object(Closure))
#49 /Users/mr/PhpstormProjects/book-review-portal/vendor/laravel/framework/src/Illuminate/Pipeline/Pipeline.php(103): Illuminate\\Pipeline\\Pipeline->Illuminate\\Pipeline\\{closure}(Object(Illuminate\\Http\\Request))
#50 /Users/mr/PhpstormProjects/book-review-portal/vendor/laravel/framework/src/Illuminate/Foundation/Http/Kernel.php(142): Illuminate\\Pipeline\\Pipeline->then(Object(Closure))
#51 /Users/mr/PhpstormProjects/book-review-portal/vendor/laravel/framework/src/Illuminate/Foundation/Http/Kernel.php(111): Illuminate\\Foundation\\Http\\Kernel->sendRequestThroughRouter(Object(Illuminate\\Http\\Request))
#52 /Users/mr/PhpstormProjects/book-review-portal/public/index.php(55): Illuminate\\Foundation\\Http\\Kernel->handle(Object(Illuminate\\Http\\Request))
#53 /Users/mr/PhpstormProjects/book-review-portal/server.php(21): require_once('/Users/mr/Phpst...')
#54 {main}
"} 
[2025-11-17 05:52:04] laravel.EMERGENCY: Unable to create configured logger. Using emergency logger. {"exception":"[object] (InvalidArgumentException(code: 0): Log [] is not defined. at /Users/mr/PhpstormProjects/book-review-portal/vendor/laravel/framework/src/Illuminate/Log/LogManager.php:200)
[stacktrace]
#0 /Users/mr/PhpstormProjects/book-review-portal/vendor/laravel/framework/src/Illuminate/Log/LogManager.php(125): Illuminate\\Log\\LogManager->resolve(NULL, NULL)
#1 /Users/mr/PhpstormProjects/book-review-portal/vendor/laravel/framework/src/Illuminate/Log/LogManager.php(112): Illuminate\\Log\\LogManager->get(NULL)
#2 /Users/mr/PhpstormProjects/book-review-portal/vendor/laravel/framework/src/Illuminate/Log/LogManager.php(590): Illuminate\\Log\\LogManager->driver()
#3 /Users/mr/PhpstormProjects/book-review-portal/vendor/laravel/framework/src/Illuminate/Foundation/Exceptions/Handler.php(252): Illuminate\\Log\\LogManager->error('Auth guard [] i...', Array)
#4 /Users/mr/PhpstormProjects/book-review-portal/vendor/laravel/framework/src/Illuminate/Routing/Pipeline.php(49): Illuminate\\Foundation\\Exceptions\\Handler->report(Object(InvalidArgumentException))
#5 /Users/mr/PhpstormProjects/book-review-portal/vendor/laravel/framework/src/Illuminate/Pipeline/Pipeline.php(172): Illuminate\\Routing\\Pipeline->handleException(Object(Illuminate\\Http\\Request), Object(InvalidArgumentException))
#6 /Users/mr/PhpstormProjects/book-review-portal/vendor/laravel/framework/src/Illuminate/Cookie/Middleware/AddQueuedCookiesToResponse.php(37): Illuminate\\Pipeline\\Pipeline->Illuminate\\Pipeline\\{closure}(Object(Illuminate\\Http\\Request))
#7 /Users/mr/PhpstormProjects/book-review-portal/vendor/laravel/framework/src/Illuminate/Pipeline/Pipeline.php(167): Illuminate\\Cookie\\Middleware\\AddQueuedCookiesToResponse->handle(Object(Illuminate\\Http\\Request), Object(Closure))
#8 /Users/mr/PhpstormProjects/book-review-portal/vendor/laravel/framework/src/Illuminate/Cookie/Middleware/EncryptCookies.php(67): Illuminate\\Pipeline\\Pipeline->Illuminate\\Pipeline\\{closure}(Object(Illuminate\\Http\\Request))
#9 /Users/mr/PhpstormProjects/book-review-portal/vendor/laravel/framework/src/Illuminate/Pipeline/Pipeline.php(167): Illuminate\\Cookie\\Middleware\\EncryptCookies->handle(Object(Illuminate\\Http\\Request), Object(Closure))
#10 /Users/mr/PhpstormProjects/book-review-portal/vendor/laravel/framework/src/Illuminate/Pipeline/Pipeline.php(103): Illuminate\\Pipeline\\Pipeline->Illuminate\\Pipeline\\{closure}(Object(Illuminate\\Http\\Request))
#11 /Users/mr/PhpstormProjects/book-review-portal/vendor/laravel/framework/src/Illuminate/Routing/Router.php(723): Illuminate\\Pipeline\\Pipeline->then(Object(Closure))
#12 /Users/mr/PhpstormProjects/book-review-portal/vendor/laravel/framework/src/Illuminate/Routing/Router.php(698): Illuminate\\Routing\\Router->runRouteWithinStack(Object(Illuminate\\Routing\\Route), Object(Illuminate\\Http\\Request))
#13 /Users/mr/PhpstormProjects/book-review-portal/vendor/laravel/framework/src/Illuminate/Routing/Router.php(662): Illuminate\\Routing\\Router->runRoute(Object(Illuminate\\Http\\Request), Object(Illuminate\\Routing\\Route))
#14 /Users/mr/PhpstormProjects/book-review-portal/vendor/laravel/framework/src/Illuminate/Routing/Router.php(651): Illuminate\\Routing\\Router->dispatchToRoute(Object(Illuminate\\Http\\Request))
#15 /Users/mr/PhpstormProjects/book-review-portal/vendor/laravel/framework/src/Illuminate/Foundation/Http/Kernel.php(167): Illuminate\\Routing\\Router->dispatch(Object(Illuminate\\Http\\Request))
#16 /Users/mr/PhpstormProjects/book-review-portal/vendor/laravel/framework/src/Illuminate/Pipeline/Pipeline.php(128): Illuminate\\Foundation\\Http\\Kernel->Illuminate\\Foundation\\Http\\{closure}(Object(Illuminate\\Http\\Request))
#17 /Users/mr/PhpstormProjects/book-review-portal/vendor/laravel/framework/src/Illuminate/Foundation/Http/Middleware/TransformsRequest.php(21): Illuminate\\Pipeline\\Pipeline->Illuminate\\Pipeline\\{closure}(Object(Illuminate\\Http\\Request))
#18 /Users/mr/PhpstormProjects/book-review-portal/vendor/laravel/framework/src/Illuminate/Foundation/Http/Middleware/ConvertEmptyStringsToNull.php(31): Illuminate\\Foundation\\Http\\Middleware\\TransformsRequest->handle(Object(Illuminate\\Http\\Request), Object(Closure))
#19 /Users/mr/PhpstormProjects/book-review-portal/vendor/laravel/framework/src/Illuminate/Pipeline/Pipeline.php(167): Illuminate\\Foundation\\Http\\Middleware\\ConvertEmptyStringsToNull->handle(Object(Illuminate\\Http\\Request), Object(Closure))
#20 /Users/mr/PhpstormProjects/book-review-portal/vendor/laravel/framework/src/Illuminate/Foundation/Http/Middleware/TransformsRequest.php(21): Illuminate\\Pipeline\\Pipeline->Illuminate\\Pipeline\\{closure}(Object(Illuminate\\Http\\Request))
#21 /Users/mr/PhpstormProjects/book-review-portal/vendor/laravel/framework/src/Illuminate/Foundation/Http/Middleware/TrimStrings.php(40): Illuminate\\Foundation\\Http\\Middleware\\TransformsRequest->handle(Object(Illuminate\\Http\\Request), Object(Closure))
#22 /Users/mr/PhpstormProjects/book-review-portal/vendor/laravel/framework/src/Illuminate/Pipeline/Pipeline.php(167): Illuminate\\Foundation\\Http\\Middleware\\TrimStrings->handle(Object(Illuminate\\Http\\Request), Object(Closure))
#23 /Users/mr/PhpstormProjects/book-review-portal/vendor/laravel/framework/src/Illuminate/Foundation/Http/Middleware/ValidatePostSize.php(27): Illuminate\\Pipeline\\Pipeline->Illuminate\\Pipeline\\{closure}(Object(Illuminate\\Http\\Request))
#24 /Users/mr/PhpstormProjects/book-review-portal/vendor/laravel/framework/src/Illuminate/Pipeline/Pipeline.php(167): Illuminate\\Foundation\\Http\\Middleware\\ValidatePostSize->handle(Object(Illuminate\\Http\\Request), Object(Closure))
#25 /Users/mr/PhpstormProjects/book-review-portal/vendor/laravel/framework/src/Illuminate/Foundation/Http/Middleware/PreventRequestsDuringMaintenance.php(86): Illuminate\\Pipeline\\Pipeline->Illuminate\\Pipeline\\{closure}(Object(Illuminate\\Http\\Request))
#26 /Users/mr/PhpstormProjects/book-review-portal/vendor/laravel/framework/src/Illuminate/Pipeline/Pipeline.php(167): Illuminate\\Foundation\\Http\\Middleware\\PreventRequestsDuringMaintenance->handle(Object(Illuminate\\Http\\Request), Object(Closure))
#27 /Users/mr/PhpstormProjects/book-review-portal/vendor/fruitcake/laravel-cors/src/HandleCors.php(38): Illuminate\\Pipeline\\Pipeline->Illuminate\\Pipeline\\{closure}(Object(Illuminate\\Http\\Request))
#28 /Users/mr/PhpstormProjects/book-review-portal/vendor/laravel/framework/src/Illuminate/Pipeline/Pipeline.php(167): Fruitcake\\Cors\\HandleCors->handle(Object(Illuminate\\Http\\Request), Object(Closure))
#29 /Users/mr/PhpstormProjects/book-review-portal/vendor/laravel/framework/src/Illuminate/Http/Middleware/TrustProxies.php(39): Illuminate\\Pipeline\\Pipeline->Illuminate\\Pipeline\\{closure}(Object(Illuminate\\Http\\Request))
#30 /Users/mr/PhpstormProjects/book-review-portal/vendor/laravel/framework/src/Illuminate/Pipeline/Pipeline.php(167): Illuminate\\Http\\Middleware\\TrustProxies->handle(Object(Illuminate\\Http\\Request), Object(Closure))
#31 /Users/mr/PhpstormProjects/book-review-portal/vendor/laravel/framework/src/Illuminate/Pipeline/Pipeline.php(103): Illuminate\\Pipeline\\Pipeline->Illuminate\\Pipeline\\{closure}(Object(Illuminate\\Http\\Request))
#32 /Users/mr/PhpstormProjects/book-review-portal/vendor/laravel/framework/src/Illuminate/Foundation/Http/Kernel.php(142): Illuminate\\Pipeline\\Pipeline->then(Object(Closure))
#33 /Users/mr/PhpstormProjects/book-review-portal/vendor/laravel/framework/src/Illuminate/Foundation/Http/Kernel.php(111): Illuminate\\Foundation\\Http\\Kernel->sendRequestThroughRouter(Object(Illuminate\\Http\\Request))
#34 /Users/mr/PhpstormProjects/book-review-portal/public/index.php(55): Illuminate\\Foundation\\Http\\Kernel->handle(Object(Illuminate\\Http\\Request))
#35 /Users/mr/PhpstormProjects/book-review-portal/server.php(21): require_once('/Users/mr/Phpst...')
#36 {main}
"} 
[2025-11-17 05:52:04] laravel.ERROR: Auth guard [] is not defined. {"exception":"[object] (InvalidArgumentException(code: 0): Auth guard [] is not defined. at /Users/mr/PhpstormProjects/book-review-portal/vendor/laravel/framework/src/Illuminate/Auth/AuthManager.php:84)
[stacktrace]
#0 /Users/mr/PhpstormProjects/book-review-portal/vendor/laravel/framework/src/Illuminate/Auth/AuthManager.php(68): Illuminate\\Auth\\AuthManager->resolve(NULL)
#1 /Users/mr/PhpstormProjects/book-review-portal/vendor/laravel/framework/src/Illuminate/Auth/AuthServiceProvider.php(42): Illuminate\\Auth\\AuthManager->guard()
#2 /Users/mr/PhpstormProjects/book-review-portal/vendor/laravel/framework/src/Illuminate/Container/Container.php(873): Illuminate\\Auth\\AuthServiceProvider->Illuminate\\Auth\\{closure}(Object(Illuminate\\Foundation\\Application), Array)
#3 /Users/mr/PhpstormProjects/book-review-portal/vendor/laravel/framework/src/Illuminate/Container/Container.php(758): Illuminate\\Container\\Container->build(Object(Closure))
#4 /Users/mr/PhpstormProjects/book-review-portal/vendor/laravel/framework/src/Illuminate/Foundation/Application.php(853): Illuminate\\Container\\Container->resolve('auth.driver', Array, true)
#5 /Users/mr/PhpstormProjects/book-review-portal/vendor/laravel/framework/src/Illuminate/Container/Container.php(694): Illuminate\\Foundation\\Application->resolve('auth.driver', Array)
#6 /Users/mr/PhpstormProjects/book-review-portal/vendor/laravel/framework/src/Illuminate/Foundation/Application.php(838): Illuminate\\Container\\Container->make('auth.driver', Array)
#7 /Users/mr/PhpstormProjects/book-review-portal/vendor/laravel/framework/src/Illuminate/Session/DatabaseSessionHandler.php(225): Illuminate\\Foundation\\Application->make('auth.driver')
#8 /Users/mr/PhpstormProjects/book-review-portal/vendor/laravel/framework/src/Illuminate/Session/DatabaseSessionHandler.php(212): Illuminate\\Session\\DatabaseSessionHandler->userId()
#9 /Users/mr/PhpstormProjects/book-review-portal/vendor/laravel/framework/src/Illuminate/Session/DatabaseSessionHandler.php(198): Illuminate\\Session\\DatabaseSessionHandler->addUserInformation(Array)
#10 /Users/mr/PhpstormProjects/book-review-portal/vendor/laravel/framework/src/Illuminate/Support/helpers.php(263): Illuminate\\Session\\DatabaseSessionHandler->Illuminate\\Session\\{closure}(Array)
#11 /Users/mr/PhpstormProjects/book-review-portal/vendor/laravel/framework/src/Illuminate/Session/DatabaseSessionHandler.php(200): tap(Array, Object(Closure))
#12 /Users/mr/PhpstormProjects/book-review-portal/vendor/laravel/framework/src/Illuminate/Session/DatabaseSessionHandler.php(137): Illuminate\\Session\\DatabaseSessionHandler->getDefaultPayload('a:3:{s:6:\"_toke...')
#13 /Users/mr/PhpstormProjects/book-review-portal/vendor/laravel/framework/src/Illuminate/Session/Store.php(129): Illuminate\\Session\\DatabaseSessionHandler->write('WdgkADkJ2YVWA1v...', 'a:3:{s:6:\"_toke...')
#14 /Users/mr/PhpstormProjects/book-review-portal/vendor/laravel/framework/src/Illuminate/Session/Middleware/StartSession.php(236): Illuminate\\Session\\Store->save()
#15 /Users/mr/PhpstormProjects/book-review-portal/vendor/laravel/framework/src/Illuminate/Session/Middleware/StartSession.php(130): Illuminate\\Session\\Middleware\\StartSession->saveSession(Object(Illuminate\\Http\\Request))
#16 /Users/mr/PhpstormProjects/book-review-portal/vendor/laravel/framework/src/Illuminate/Session/Middleware/StartSession.php(64): Illuminate\\Session\\Middleware\\StartSession->handleStatefulRequest(Object(Illuminate\\Http\\Request), Object(Illuminate\\Session\\Store), Object(Closure))
#17 /Users/mr/PhpstormProjects/book-review-portal/vendor/laravel/framework/src/Illuminate/Pipeline/Pipeline.php(167): Illuminate\\Session\\Middleware\\StartSession->handle(Object(Illuminate\\Http\\Request), Object(Closure))
#18 /Users/mr/PhpstormProjects/book-review-portal/vendor/laravel/framework/src/Illuminate/Cookie/Middleware/AddQueuedCookiesToResponse.php(37): Illuminate\\Pipeline\\Pipeline->Illuminate\\Pipeline\\{closure}(Object(Illuminate\\Http\\Request))
#19 /Users/mr/PhpstormProjects/book-review-portal/vendor/laravel/framework/src/Illuminate/Pipeline/Pipeline.php(167): Illuminate\\Cookie\\Middleware\\AddQueuedCookiesToResponse->handle(Object(Illuminate\\Http\\Request), Object(Closure))
#20 /Users/mr/PhpstormProjects/book-review-portal/vendor/laravel/framework/src/Illuminate/Cookie/Middleware/EncryptCookies.php(67): Illuminate\\Pipeline\\Pipeline->Illuminate\\Pipeline\\{closure}(Object(Illuminate\\Http\\Request))
#21 /Users/mr/PhpstormProjects/book-review-portal/vendor/laravel/framework/src/Illuminate/Pipeline/Pipeline.php(167): Illuminate\\Cookie\\Middleware\\EncryptCookies->handle(Object(Illuminate\\Http\\Request), Object(Closure))
#22 /Users/mr/PhpstormProjects/book-review-portal/vendor/laravel/framework/src/Illuminate/Pipeline/Pipeline.php(103): Illuminate\\Pipeline\\Pipeline->Illuminate\\Pipeline\\{closure}(Object(Illuminate\\Http\\Request))
#23 /Users/mr/PhpstormProjects/book-review-portal/vendor/laravel/framework/src/Illuminate/Routing/Router.php(723): Illuminate\\Pipeline\\Pipeline->then(Object(Closure))
#24 /Users/mr/PhpstormProjects/book-review-portal/vendor/laravel/framework/src/Illuminate/Routing/Router.php(698): Illuminate\\Routing\\Router->runRouteWithinStack(Object(Illuminate\\Routing\\Route), Object(Illuminate\\Http\\Request))
#25 /Users/mr/PhpstormProjects/book-review-portal/vendor/laravel/framework/src/Illuminate/Routing/Router.php(662): Illuminate\\Routing\\Router->runRoute(Object(Illuminate\\Http\\Request), Object(Illuminate\\Routing\\Route))
#26 /Users/mr/PhpstormProjects/book-review-portal/vendor/laravel/framework/src/Illuminate/Routing/Router.php(651): Illuminate\\Routing\\Router->dispatchToRoute(Object(Illuminate\\Http\\Request))
#27 /Users/mr/PhpstormProjects/book-review-portal/vendor/laravel/framework/src/Illuminate/Foundation/Http/Kernel.php(167): Illuminate\\Routing\\Router->dispatch(Object(Illuminate\\Http\\Request))
#28 /Users/mr/PhpstormProjects/book-review-portal/vendor/laravel/framework/src/Illuminate/Pipeline/Pipeline.php(128): Illuminate\\Foundation\\Http\\Kernel->Illuminate\\Foundation\\Http\\{closure}(Object(Illuminate\\Http\\Request))
#29 /Users/mr/PhpstormProjects/book-review-portal/vendor/laravel/framework/src/Illuminate/Foundation/Http/Middleware/TransformsRequest.php(21): Illuminate\\Pipeline\\Pipeline->Illuminate\\Pipeline\\{closure}(Object(Illuminate\\Http\\Request))
#30 /Users/mr/PhpstormProjects/book-review-portal/vendor/laravel/framework/src/Illuminate/Foundation/Http/Middleware/ConvertEmptyStringsToNull.php(31): Illuminate\\Foundation\\Http\\Middleware\\TransformsRequest->handle(Object(Illuminate\\Http\\Request), Object(Closure))
#31 /Users/mr/PhpstormProjects/book-review-portal/vendor/laravel/framework/src/Illuminate/Pipeline/Pipeline.php(167): Illuminate\\Foundation\\Http\\Middleware\\ConvertEmptyStringsToNull->handle(Object(Illuminate\\Http\\Request), Object(Closure))
#32 /Users/mr/PhpstormProjects/book-review-portal/vendor/laravel/framework/src/Illuminate/Foundation/Http/Middleware/TransformsRequest.php(21): Illuminate\\Pipeline\\Pipeline->Illuminate\\Pipeline\\{closure}(Object(Illuminate\\Http\\Request))
#33 /Users/mr/PhpstormProjects/book-review-portal/vendor/laravel/framework/src/Illuminate/Foundation/Http/Middleware/TrimStrings.php(40): Illuminate\\Foundation\\Http\\Middleware\\TransformsRequest->handle(Object(Illuminate\\Http\\Request), Object(Closure))
#34 /Users/mr/PhpstormProjects/book-review-portal/vendor/laravel/framework/src/Illuminate/Pipeline/Pipeline.php(167): Illuminate\\Foundation\\Http\\Middleware\\TrimStrings->handle(Object(Illuminate\\Http\\Request), Object(Closure))
#35 /Users/mr/PhpstormProjects/book-review-portal/vendor/laravel/framework/src/Illuminate/Foundation/Http/Middleware/ValidatePostSize.php(27): Illuminate\\Pipeline\\Pipeline->Illuminate\\Pipeline\\{closure}(Object(Illuminate\\Http\\Request))
#36 /Users/mr/PhpstormProjects/book-review-portal/vendor/laravel/framework/src/Illuminate/Pipeline/Pipeline.php(167): Illuminate\\Foundation\\Http\\Middleware\\ValidatePostSize->handle(Object(Illuminate\\Http\\Request), Object(Closure))
#37 /Users/mr/PhpstormProjects/book-review-portal/vendor/laravel/framework/src/Illuminate/Foundation/Http/Middleware/PreventRequestsDuringMaintenance.php(86): Illuminate\\Pipeline\\Pipeline->Illuminate\\Pipeline\\{closure}(Object(Illuminate\\Http\\Request))
#38 /Users/mr/PhpstormProjects/book-review-portal/vendor/laravel/framework/src/Illuminate/Pipeline/Pipeline.php(167): Illuminate\\Foundation\\Http\\Middleware\\PreventRequestsDuringMaintenance->handle(Object(Illuminate\\Http\\Request), Object(Closure))
#39 /Users/mr/PhpstormProjects/book-review-portal/vendor/fruitcake/laravel-cors/src/HandleCors.php(38): Illuminate\\Pipeline\\Pipeline->Illuminate\\Pipeline\\{closure}(Object(Illuminate\\Http\\Request))
#40 /Users/mr/PhpstormProjects/book-review-portal/vendor/laravel/framework/src/Illuminate/Pipeline/Pipeline.php(167): Fruitcake\\Cors\\HandleCors->handle(Object(Illuminate\\Http\\Request), Object(Closure))
#41 /Users/mr/PhpstormProjects/book-review-portal/vendor/laravel/framework/src/Illuminate/Http/Middleware/TrustProxies.php(39): Illuminate\\Pipeline\\Pipeline->Illuminate\\Pipeline\\{closure}(Object(Illuminate\\Http\\Request))
#42 /Users/mr/PhpstormProjects/book-review-portal/vendor/laravel/framework/src/Illuminate/Pipeline/Pipeline.php(167): Illuminate\\Http\\Middleware\\TrustProxies->handle(Object(Illuminate\\Http\\Request), Object(Closure))
#43 /Users/mr/PhpstormProjects/book-review-portal/vendor/laravel/framework/src/Illuminate/Pipeline/Pipeline.php(103): Illuminate\\Pipeline\\Pipeline->Illuminate\\Pipeline\\{closure}(Object(Illuminate\\Http\\Request))
#44 /Users/mr/PhpstormProjects/book-review-portal/vendor/laravel/framework/src/Illuminate/Foundation/Http/Kernel.php(142): Illuminate\\Pipeline\\Pipeline->then(Object(Closure))
#45 /Users/mr/PhpstormProjects/book-review-portal/vendor/laravel/framework/src/Illuminate/Foundation/Http/Kernel.php(111): Illuminate\\Foundation\\Http\\Kernel->sendRequestThroughRouter(Object(Illuminate\\Http\\Request))
#46 /Users/mr/PhpstormProjects/book-review-portal/public/index.php(55): Illuminate\\Foundation\\Http\\Kernel->handle(Object(Illuminate\\Http\\Request))
#47 /Users/mr/PhpstormProjects/book-review-portal/server.php(21): require_once('/Users/mr/Phpst...')
#48 {main}
"} 
[2025-11-17 05:52:04] laravel.EMERGENCY: Unable to create configured logger. Using emergency logger. {"exception":"[object] (InvalidArgumentException(code: 0): Log [] is not defined. at /Users/mr/PhpstormProjects/book-review-portal/vendor/laravel/framework/src/Illuminate/Log/LogManager.php:200)
[stacktrace]
#0 /Users/mr/PhpstormProjects/book-review-portal/vendor/laravel/framework/src/Illuminate/Log/LogManager.php(125): Illuminate\\Log\\LogManager->resolve(NULL, NULL)
#1 /Users/mr/PhpstormProjects/book-review-portal/vendor/laravel/framework/src/Illuminate/Log/LogManager.php(112): Illuminate\\Log\\LogManager->get(NULL)
#2 /Users/mr/PhpstormProjects/book-review-portal/vendor/laravel/framework/src/Illuminate/Log/LogManager.php(590): Illuminate\\Log\\LogManager->driver()
#3 /Users/mr/PhpstormProjects/book-review-portal/vendor/laravel/framework/src/Illuminate/Foundation/Exceptions/Handler.php(252): Illuminate\\Log\\LogManager->error('Argument 2 pass...', Array)
#4 /Users/mr/PhpstormProjects/book-review-portal/vendor/laravel/framework/src/Illuminate/Foundation/Bootstrap/HandleExceptions.php(165): Illuminate\\Foundation\\Exceptions\\Handler->report(Object(TypeError))
#5 [internal function]: Illuminate\\Foundation\\Bootstrap\\HandleExceptions->handleException(Object(TypeError))
#6 {main}
"} 
[2025-11-17 05:52:04] laravel.ERROR: Argument 2 passed to Illuminate\View\FileViewFinder::__construct() must be of the type array, null given, called in /Users/mr/PhpstormProjects/book-review-portal/vendor/laravel/framework/src/Illuminate/View/ViewServiceProvider.php on line 76 {"exception":"[object] (TypeError(code: 0): Argument 2 passed to Illuminate\\View\\FileViewFinder::__construct() must be of the type array, null given, called in /Users/mr/PhpstormProjects/book-review-portal/vendor/laravel/framework/src/Illuminate/View/ViewServiceProvider.php on line 76 at /Users/mr/PhpstormProjects/book-review-portal/vendor/laravel/framework/src/Illuminate/View/FileViewFinder.php:53)
[stacktrace]
#0 /Users/mr/PhpstormProjects/book-review-portal/vendor/laravel/framework/src/Illuminate/View/ViewServiceProvider.php(76): Illuminate\\View\\FileViewFinder->__construct(Object(Illuminate\\Filesystem\\Filesystem), NULL)
#1 /Users/mr/PhpstormProjects/book-review-portal/vendor/laravel/framework/src/Illuminate/Container/Container.php(873): Illuminate\\View\\ViewServiceProvider->Illuminate\\View\\{closure}(Object(Illuminate\\Foundation\\Application), Array)
#2 /Users/mr/PhpstormProjects/book-review-portal/vendor/laravel/framework/src/Illuminate/Container/Container.php(758): Illuminate\\Container\\Container->build(Object(Closure))
#3 /Users/mr/PhpstormProjects/book-review-portal/vendor/laravel/framework/src/Illuminate/Foundation/Application.php(853): Illuminate\\Container\\Container->resolve('view.finder', Array, true)
#4 /Users/mr/PhpstormProjects/book-review-portal/vendor/laravel/framework/src/Illuminate/Container/Container.php(694): Illuminate\\Foundation\\Application->resolve('view.finder', Array)
#5 /Users/mr/PhpstormProjects/book-review-portal/vendor/laravel/framework/src/Illuminate/Foundation/Application.php(838): Illuminate\\Container\\Container->make('view.finder', Array)
#6 /Users/mr/PhpstormProjects/book-review-portal/vendor/laravel/framework/src/Illuminate/Container/Container.php(1419): Illuminate\\Foundation\\Application->make('view.finder')
#7 /Users/mr/PhpstormProjects/book-review-portal/vendor/laravel/framework/src/Illuminate/View/ViewServiceProvider.php(40): Illuminate\\Container\\Container->offsetGet('view.finder')
#8 /Users/mr/PhpstormProjects/book-review-portal/vendor/laravel/framework/src/Illuminate/Container/Container.php(873): Illuminate\\View\\ViewServiceProvider->Illuminate\\View\\{closure}(Object(Illuminate\\Foundation\\Application), Array)
#9 /Users/mr/PhpstormProjects/book-review-portal/vendor/laravel/framework/src/Illuminate/Container/Container.php(758): Illuminate\\Container\\Container->build(Object(Closure))
#10 /Users/mr/PhpstormProjects/book-review-portal/vendor/laravel/framework/src/Illuminate/Foundation/Application.php(853): Illuminate\\Container\\Container->resolve('view', Array, true)
#11 /Users/mr/PhpstormProjects/book-review-portal/vendor/laravel/framework/src/Illuminate/Container/Container.php(694): Illuminate\\Foundation\\Application->resolve('view', Array)
#12 /Users/mr/PhpstormProjects/book-review-portal/vendor/laravel/framework/src/Illuminate/Foundation/Application.php(838): Illuminate\\Container\\Container->make('view', Array)
#13 /Users/mr/PhpstormProjects/book-review-portal/vendor/laravel/framework/src/Illuminate/Container/Container.php(1027): Illuminate\\Foundation\\Application->make('view')
#14 /Users/mr/PhpstormProjects/book-review-portal/vendor/laravel/framework/src/Illuminate/Container/Container.php(947): Illuminate\\Container\\Container->resolveClass(Object(ReflectionParameter))
#15 /Users/mr/PhpstormProjects/book-review-portal/vendor/laravel/framework/src/Illuminate/Container/Container.php(908): Illuminate\\Container\\Container->resolveDependencies(Array)
#16 /Users/mr/PhpstormProjects/book-review-portal/vendor/laravel/framework/src/Illuminate/Container/Container.php(758): Illuminate\\Container\\Container->build('Illuminate\\\\View...')
#17 /Users/mr/PhpstormProjects/book-review-portal/vendor/laravel/framework/src/Illuminate/Foundation/Application.php(853): Illuminate\\Container\\Container->resolve('Illuminate\\\\View...', Array, true)
#18 /Users/mr/PhpstormProjects/book-review-portal/vendor/laravel/framework/src/Illuminate/Container/Container.php(694): Illuminate\\Foundation\\Application->resolve('Illuminate\\\\View...', Array)
#19 /Users/mr/PhpstormProjects/book-review-portal/vendor/laravel/framework/src/Illuminate/Foundation/Application.php(838): Illuminate\\Container\\Container->make('Illuminate\\\\View...', Array)
#20 /Users/mr/PhpstormProjects/book-review-portal/vendor/laravel/framework/src/Illuminate/Foundation/Http/Kernel.php(206): Illuminate\\Foundation\\Application->make('Illuminate\\\\View...')
#21 /Users/mr/PhpstormProjects/book-review-portal/vendor/laravel/framework/src/Illuminate/Foundation/Http/Kernel.php(180): Illuminate\\Foundation\\Http\\Kernel->terminateMiddleware(Object(Illuminate\\Http\\Request), Object(Illuminate\\Http\\Response))
#22 /Users/mr/PhpstormProjects/book-review-portal/public/index.php(60): Illuminate\\Foundation\\Http\\Kernel->terminate(Object(Illuminate\\Http\\Request), Object(Illuminate\\Http\\Response))
#23 /Users/mr/PhpstormProjects/book-review-portal/server.php(21): require_once('/Users/mr/Phpst...')
#24 {main}
"} 
[2025-11-17 05:52:11] laravel.EMERGENCY: Unable to create configured logger. Using emergency logger. {"exception":"[object] (InvalidArgumentException(code: 0): Log [] is not defined. at /Users/mr/PhpstormProjects/book-review-portal/vendor/laravel/framework/src/Illuminate/Log/LogManager.php:200)
[stacktrace]
#0 /Users/mr/PhpstormProjects/book-review-portal/vendor/laravel/framework/src/Illuminate/Log/LogManager.php(125): Illuminate\\Log\\LogManager->resolve(NULL, NULL)
#1 /Users/mr/PhpstormProjects/book-review-portal/vendor/laravel/framework/src/Illuminate/Log/LogManager.php(112): Illuminate\\Log\\LogManager->get(NULL)
#2 /Users/mr/PhpstormProjects/book-review-portal/vendor/laravel/framework/src/Illuminate/Log/LogManager.php(590): Illuminate\\Log\\LogManager->driver()
#3 /Users/mr/PhpstormProjects/book-review-portal/vendor/laravel/framework/src/Illuminate/Foundation/Exceptions/Handler.php(252): Illuminate\\Log\\LogManager->error('Argument 2 pass...', Array)
#4 /Users/mr/PhpstormProjects/book-review-portal/vendor/laravel/framework/src/Illuminate/Routing/Pipeline.php(49): Illuminate\\Foundation\\Exceptions\\Handler->report(Object(TypeError))
#5 /Users/mr/PhpstormProjects/book-review-portal/vendor/laravel/framework/src/Illuminate/Pipeline/Pipeline.php(172): Illuminate\\Routing\\Pipeline->handleException(Object(Illuminate\\Http\\Request), Object(TypeError))
#6 /Users/mr/PhpstormProjects/book-review-portal/vendor/laravel/framework/src/Illuminate/Session/Middleware/StartSession.php(121): Illuminate\\Pipeline\\Pipeline->Illuminate\\Pipeline\\{closure}(Object(Illuminate\\Http\\Request))
#7 /Users/mr/PhpstormProjects/book-review-portal/vendor/laravel/framework/src/Illuminate/Session/Middleware/StartSession.php(64): Illuminate\\Session\\Middleware\\StartSession->handleStatefulRequest(Object(Illuminate\\Http\\Request), Object(Illuminate\\Session\\Store), Object(Closure))
#8 /Users/mr/PhpstormProjects/book-review-portal/vendor/laravel/framework/src/Illuminate/Pipeline/Pipeline.php(167): Illuminate\\Session\\Middleware\\StartSession->handle(Object(Illuminate\\Http\\Request), Object(Closure))
#9 /Users/mr/PhpstormProjects/book-review-portal/vendor/laravel/framework/src/Illuminate/Cookie/Middleware/AddQueuedCookiesToResponse.php(37): Illuminate\\Pipeline\\Pipeline->Illuminate\\Pipeline\\{closure}(Object(Illuminate\\Http\\Request))
#10 /Users/mr/PhpstormProjects/book-review-portal/vendor/laravel/framework/src/Illuminate/Pipeline/Pipeline.php(167): Illuminate\\Cookie\\Middleware\\AddQueuedCookiesToResponse->handle(Object(Illuminate\\Http\\Request), Object(Closure))
#11 /Users/mr/PhpstormProjects/book-review-portal/vendor/laravel/framework/src/Illuminate/Cookie/Middleware/EncryptCookies.php(67): Illuminate\\Pipeline\\Pipeline->Illuminate\\Pipeline\\{closure}(Object(Illuminate\\Http\\Request))
#12 /Users/mr/PhpstormProjects/book-review-portal/vendor/laravel/framework/src/Illuminate/Pipeline/Pipeline.php(167): Illuminate\\Cookie\\Middleware\\EncryptCookies->handle(Object(Illuminate\\Http\\Request), Object(Closure))
#13 /Users/mr/PhpstormProjects/book-review-portal/vendor/laravel/framework/src/Illuminate/Pipeline/Pipeline.php(103): Illuminate\\Pipeline\\Pipeline->Illuminate\\Pipeline\\{closure}(Object(Illuminate\\Http\\Request))
#14 /Users/mr/PhpstormProjects/book-review-portal/vendor/laravel/framework/src/Illuminate/Routing/Router.php(723): Illuminate\\Pipeline\\Pipeline->then(Object(Closure))
#15 /Users/mr/PhpstormProjects/book-review-portal/vendor/laravel/framework/src/Illuminate/Routing/Router.php(698): Illuminate\\Routing\\Router->runRouteWithinStack(Object(Illuminate\\Routing\\Route), Object(Illuminate\\Http\\Request))
#16 /Users/mr/PhpstormProjects/book-review-portal/vendor/laravel/framework/src/Illuminate/Routing/Router.php(662): Illuminate\\Routing\\Router->runRoute(Object(Illuminate\\Http\\Request), Object(Illuminate\\Routing\\Route))
#17 /Users/mr/PhpstormProjects/book-review-portal/vendor/laravel/framework/src/Illuminate/Routing/Router.php(651): Illuminate\\Routing\\Router->dispatchToRoute(Object(Illuminate\\Http\\Request))
#18 /Users/mr/PhpstormProjects/book-review-portal/vendor/laravel/framework/src/Illuminate/Foundation/Http/Kernel.php(167): Illuminate\\Routing\\Router->dispatch(Object(Illuminate\\Http\\Request))
#19 /Users/mr/PhpstormProjects/book-review-portal/vendor/laravel/framework/src/Illuminate/Pipeline/Pipeline.php(128): Illuminate\\Foundation\\Http\\Kernel->Illuminate\\Foundation\\Http\\{closure}(Object(Illuminate\\Http\\Request))
#20 /Users/mr/PhpstormProjects/book-review-portal/vendor/laravel/framework/src/Illuminate/Foundation/Http/Middleware/TransformsRequest.php(21): Illuminate\\Pipeline\\Pipeline->Illuminate\\Pipeline\\{closure}(Object(Illuminate\\Http\\Request))
#21 /Users/mr/PhpstormProjects/book-review-portal/vendor/laravel/framework/src/Illuminate/Foundation/Http/Middleware/ConvertEmptyStringsToNull.php(31): Illuminate\\Foundation\\Http\\Middleware\\TransformsRequest->handle(Object(Illuminate\\Http\\Request), Object(Closure))
#22 /Users/mr/PhpstormProjects/book-review-portal/vendor/laravel/framework/src/Illuminate/Pipeline/Pipeline.php(167): Illuminate\\Foundation\\Http\\Middleware\\ConvertEmptyStringsToNull->handle(Object(Illuminate\\Http\\Request), Object(Closure))
#23 /Users/mr/PhpstormProjects/book-review-portal/vendor/laravel/framework/src/Illuminate/Foundation/Http/Middleware/TransformsRequest.php(21): Illuminate\\Pipeline\\Pipeline->Illuminate\\Pipeline\\{closure}(Object(Illuminate\\Http\\Request))
#24 /Users/mr/PhpstormProjects/book-review-portal/vendor/laravel/framework/src/Illuminate/Foundation/Http/Middleware/TrimStrings.php(40): Illuminate\\Foundation\\Http\\Middleware\\TransformsRequest->handle(Object(Illuminate\\Http\\Request), Object(Closure))
#25 /Users/mr/PhpstormProjects/book-review-portal/vendor/laravel/framework/src/Illuminate/Pipeline/Pipeline.php(167): Illuminate\\Foundation\\Http\\Middleware\\TrimStrings->handle(Object(Illuminate\\Http\\Request), Object(Closure))
#26 /Users/mr/PhpstormProjects/book-review-portal/vendor/laravel/framework/src/Illuminate/Foundation/Http/Middleware/ValidatePostSize.php(27): Illuminate\\Pipeline\\Pipeline->Illuminate\\Pipeline\\{closure}(Object(Illuminate\\Http\\Request))
#27 /Users/mr/PhpstormProjects/book-review-portal/vendor/laravel/framework/src/Illuminate/Pipeline/Pipeline.php(167): Illuminate\\Foundation\\Http\\Middleware\\ValidatePostSize->handle(Object(Illuminate\\Http\\Request), Object(Closure))
#28 /Users/mr/PhpstormProjects/book-review-portal/vendor/laravel/framework/src/Illuminate/Foundation/Http/Middleware/PreventRequestsDuringMaintenance.php(86): Illuminate\\Pipeline\\Pipeline->Illuminate\\Pipeline\\{closure}(Object(Illuminate\\Http\\Request))
#29 /Users/mr/PhpstormProjects/book-review-portal/vendor/laravel/framework/src/Illuminate/Pipeline/Pipeline.php(167): Illuminate\\Foundation\\Http\\Middleware\\PreventRequestsDuringMaintenance->handle(Object(Illuminate\\Http\\Request), Object(Closure))
#30 /Users/mr/PhpstormProjects/book-review-portal/vendor/fruitcake/laravel-cors/src/HandleCors.php(38): Illuminate\\Pipeline\\Pipeline->Illuminate\\Pipeline\\{closure}(Object(Illuminate\\Http\\Request))
#31 /Users/mr/PhpstormProjects/book-review-portal/vendor/laravel/framework/src/Illuminate/Pipeline/Pipeline.php(167): Fruitcake\\Cors\\HandleCors->handle(Object(Illuminate\\Http\\Request), Object(Closure))
#32 /Users/mr/PhpstormProjects/book-review-portal/vendor/laravel/framework/src/Illuminate/Http/Middleware/TrustProxies.php(39): Illuminate\\Pipeline\\Pipeline->Illuminate\\Pipeline\\{closure}(Object(Illuminate\\Http\\Request))
#33 /Users/mr/PhpstormProjects/book-review-portal/vendor/laravel/framework/src/Illuminate/Pipeline/Pipeline.php(167): Illuminate\\Http\\Middleware\\TrustProxies->handle(Object(Illuminate\\Http\\Request), Object(Closure))
#34 /Users/mr/PhpstormProjects/book-review-portal/vendor/laravel/framework/src/Illuminate/Pipeline/Pipeline.php(103): Illuminate\\Pipeline\\Pipeline->Illuminate\\Pipeline\\{closure}(Object(Illuminate\\Http\\Request))
#35 /Users/mr/PhpstormProjects/book-review-portal/vendor/laravel/framework/src/Illuminate/Foundation/Http/Kernel.php(142): Illuminate\\Pipeline\\Pipeline->then(Object(Closure))
#36 /Users/mr/PhpstormProjects/book-review-portal/vendor/laravel/framework/src/Illuminate/Foundation/Http/Kernel.php(111): Illuminate\\Foundation\\Http\\Kernel->sendRequestThroughRouter(Object(Illuminate\\Http\\Request))
#37 /Users/mr/PhpstormProjects/book-review-portal/public/index.php(55): Illuminate\\Foundation\\Http\\Kernel->handle(Object(Illuminate\\Http\\Request))
#38 /Users/mr/PhpstormProjects/book-review-portal/server.php(21): require_once('/Users/mr/Phpst...')
#39 {main}
"} 
[2025-11-17 05:52:11] laravel.ERROR: Argument 2 passed to Illuminate\View\FileViewFinder::__construct() must be of the type array, null given, called in /Users/mr/PhpstormProjects/book-review-portal/vendor/laravel/framework/src/Illuminate/View/ViewServiceProvider.php on line 76 {"exception":"[object] (TypeError(code: 0): Argument 2 passed to Illuminate\\View\\FileViewFinder::__construct() must be of the type array, null given, called in /Users/mr/PhpstormProjects/book-review-portal/vendor/laravel/framework/src/Illuminate/View/ViewServiceProvider.php on line 76 at /Users/mr/PhpstormProjects/book-review-portal/vendor/laravel/framework/src/Illuminate/View/FileViewFinder.php:53)
[stacktrace]
#0 /Users/mr/PhpstormProjects/book-review-portal/vendor/laravel/framework/src/Illuminate/View/ViewServiceProvider.php(76): Illuminate\\View\\FileViewFinder->__construct(Object(Illuminate\\Filesystem\\Filesystem), NULL)
#1 /Users/mr/PhpstormProjects/book-review-portal/vendor/laravel/framework/src/Illuminate/Container/Container.php(873): Illuminate\\View\\ViewServiceProvider->Illuminate\\View\\{closure}(Object(Illuminate\\Foundation\\Application), Array)
#2 /Users/mr/PhpstormProjects/book-review-portal/vendor/laravel/framework/src/Illuminate/Container/Container.php(758): Illuminate\\Container\\Container->build(Object(Closure))
#3 /Users/mr/PhpstormProjects/book-review-portal/vendor/laravel/framework/src/Illuminate/Foundation/Application.php(853): Illuminate\\Container\\Container->resolve('view.finder', Array, true)
#4 /Users/mr/PhpstormProjects/book-review-portal/vendor/laravel/framework/src/Illuminate/Container/Container.php(694): Illuminate\\Foundation\\Application->resolve('view.finder', Array)
#5 /Users/mr/PhpstormProjects/book-review-portal/vendor/laravel/framework/src/Illuminate/Foundation/Application.php(838): Illuminate\\Container\\Container->make('view.finder', Array)
#6 /Users/mr/PhpstormProjects/book-review-portal/vendor/laravel/framework/src/Illuminate/Container/Container.php(1419): Illuminate\\Foundation\\Application->make('view.finder')
#7 /Users/mr/PhpstormProjects/book-review-portal/vendor/laravel/framework/src/Illuminate/View/ViewServiceProvider.php(40): Illuminate\\Container\\Container->offsetGet('view.finder')
#8 /Users/mr/PhpstormProjects/book-review-portal/vendor/laravel/framework/src/Illuminate/Container/Container.php(873): Illuminate\\View\\ViewServiceProvider->Illuminate\\View\\{closure}(Object(Illuminate\\Foundation\\Application), Array)
#9 /Users/mr/PhpstormProjects/book-review-portal/vendor/laravel/framework/src/Illuminate/Container/Container.php(758): Illuminate\\Container\\Container->build(Object(Closure))
#10 /Users/mr/PhpstormProjects/book-review-portal/vendor/laravel/framework/src/Illuminate/Foundation/Application.php(853): Illuminate\\Container\\Container->resolve('view', Array, true)
#11 /Users/mr/PhpstormProjects/book-review-portal/vendor/laravel/framework/src/Illuminate/Container/Container.php(694): Illuminate\\Foundation\\Application->resolve('view', Array)
#12 /Users/mr/PhpstormProjects/book-review-portal/vendor/laravel/framework/src/Illuminate/Foundation/Application.php(838): Illuminate\\Container\\Container->make('view', Array)
#13 /Users/mr/PhpstormProjects/book-review-portal/vendor/laravel/framework/src/Illuminate/Container/Container.php(1027): Illuminate\\Foundation\\Application->make('view')
#14 /Users/mr/PhpstormProjects/book-review-portal/vendor/laravel/framework/src/Illuminate/Container/Container.php(947): Illuminate\\Container\\Container->resolveClass(Object(ReflectionParameter))
#15 /Users/mr/PhpstormProjects/book-review-portal/vendor/laravel/framework/src/Illuminate/Container/Container.php(908): Illuminate\\Container\\Container->resolveDependencies(Array)
#16 /Users/mr/PhpstormProjects/book-review-portal/vendor/laravel/framework/src/Illuminate/Container/Container.php(758): Illuminate\\Container\\Container->build('Illuminate\\\\View...')
#17 /Users/mr/PhpstormProjects/book-review-portal/vendor/laravel/framework/src/Illuminate/Foundation/Application.php(853): Illuminate\\Container\\Container->resolve('Illuminate\\\\View...', Array, true)
#18 /Users/mr/PhpstormProjects/book-review-portal/vendor/laravel/framework/src/Illuminate/Container/Container.php(694): Illuminate\\Foundation\\Application->resolve('Illuminate\\\\View...', Array)
#19 /Users/mr/PhpstormProjects/book-review-portal/vendor/laravel/framework/src/Illuminate/Foundation/Application.php(838): Illuminate\\Container\\Container->make('Illuminate\\\\View...', Array)
#20 /Users/mr/PhpstormProjects/book-review-portal/vendor/laravel/framework/src/Illuminate/Pipeline/Pipeline.php(156): Illuminate\\Foundation\\Application->make('Illuminate\\\\View...')
#21 /Users/mr/PhpstormProjects/book-review-portal/vendor/laravel/framework/src/Illuminate/Session/Middleware/StartSession.php(121): Illuminate\\Pipeline\\Pipeline->Illuminate\\Pipeline\\{closure}(Object(Illuminate\\Http\\Request))
#22 /Users/mr/PhpstormProjects/book-review-portal/vendor/laravel/framework/src/Illuminate/Session/Middleware/StartSession.php(64): Illuminate\\Session\\Middleware\\StartSession->handleStatefulRequest(Object(Illuminate\\Http\\Request), Object(Illuminate\\Session\\Store), Object(Closure))
#23 /Users/mr/PhpstormProjects/book-review-portal/vendor/laravel/framework/src/Illuminate/Pipeline/Pipeline.php(167): Illuminate\\Session\\Middleware\\StartSession->handle(Object(Illuminate\\Http\\Request), Object(Closure))
#24 /Users/mr/PhpstormProjects/book-review-portal/vendor/laravel/framework/src/Illuminate/Cookie/Middleware/AddQueuedCookiesToResponse.php(37): Illuminate\\Pipeline\\Pipeline->Illuminate\\Pipeline\\{closure}(Object(Illuminate\\Http\\Request))
#25 /Users/mr/PhpstormProjects/book-review-portal/vendor/laravel/framework/src/Illuminate/Pipeline/Pipeline.php(167): Illuminate\\Cookie\\Middleware\\AddQueuedCookiesToResponse->handle(Object(Illuminate\\Http\\Request), Object(Closure))
#26 /Users/mr/PhpstormProjects/book-review-portal/vendor/laravel/framework/src/Illuminate/Cookie/Middleware/EncryptCookies.php(67): Illuminate\\Pipeline\\Pipeline->Illuminate\\Pipeline\\{closure}(Object(Illuminate\\Http\\Request))
#27 /Users/mr/PhpstormProjects/book-review-portal/vendor/laravel/framework/src/Illuminate/Pipeline/Pipeline.php(167): Illuminate\\Cookie\\Middleware\\EncryptCookies->handle(Object(Illuminate\\Http\\Request), Object(Closure))
#28 /Users/mr/PhpstormProjects/book-review-portal/vendor/laravel/framework/src/Illuminate/Pipeline/Pipeline.php(103): Illuminate\\Pipeline\\Pipeline->Illuminate\\Pipeline\\{closure}(Object(Illuminate\\Http\\Request))
#29 /Users/mr/PhpstormProjects/book-review-portal/vendor/laravel/framework/src/Illuminate/Routing/Router.php(723): Illuminate\\Pipeline\\Pipeline->then(Object(Closure))
#30 /Users/mr/PhpstormProjects/book-review-portal/vendor/laravel/framework/src/Illuminate/Routing/Router.php(698): Illuminate\\Routing\\Router->runRouteWithinStack(Object(Illuminate\\Routing\\Route), Object(Illuminate\\Http\\Request))
#31 /Users/mr/PhpstormProjects/book-review-portal/vendor/laravel/framework/src/Illuminate/Routing/Router.php(662): Illuminate\\Routing\\Router->runRoute(Object(Illuminate\\Http\\Request), Object(Illuminate\\Routing\\Route))
#32 /Users/mr/PhpstormProjects/book-review-portal/vendor/laravel/framework/src/Illuminate/Routing/Router.php(651): Illuminate\\Routing\\Router->dispatchToRoute(Object(Illuminate\\Http\\Request))
#33 /Users/mr/PhpstormProjects/book-review-portal/vendor/laravel/framework/src/Illuminate/Foundation/Http/Kernel.php(167): Illuminate\\Routing\\Router->dispatch(Object(Illuminate\\Http\\Request))
#34 /Users/mr/PhpstormProjects/book-review-portal/vendor/laravel/framework/src/Illuminate/Pipeline/Pipeline.php(128): Illuminate\\Foundation\\Http\\Kernel->Illuminate\\Foundation\\Http\\{closure}(Object(Illuminate\\Http\\Request))
#35 /Users/mr/PhpstormProjects/book-review-portal/vendor/laravel/framework/src/Illuminate/Foundation/Http/Middleware/TransformsRequest.php(21): Illuminate\\Pipeline\\Pipeline->Illuminate\\Pipeline\\{closure}(Object(Illuminate\\Http\\Request))
#36 /Users/mr/PhpstormProjects/book-review-portal/vendor/laravel/framework/src/Illuminate/Foundation/Http/Middleware/ConvertEmptyStringsToNull.php(31): Illuminate\\Foundation\\Http\\Middleware\\TransformsRequest->handle(Object(Illuminate\\Http\\Request), Object(Closure))
#37 /Users/mr/PhpstormProjects/book-review-portal/vendor/laravel/framework/src/Illuminate/Pipeline/Pipeline.php(167): Illuminate\\Foundation\\Http\\Middleware\\ConvertEmptyStringsToNull->handle(Object(Illuminate\\Http\\Request), Object(Closure))
#38 /Users/mr/PhpstormProjects/book-review-portal/vendor/laravel/framework/src/Illuminate/Foundation/Http/Middleware/TransformsRequest.php(21): Illuminate\\Pipeline\\Pipeline->Illuminate\\Pipeline\\{closure}(Object(Illuminate\\Http\\Request))
#39 /Users/mr/PhpstormProjects/book-review-portal/vendor/laravel/framework/src/Illuminate/Foundation/Http/Middleware/TrimStrings.php(40): Illuminate\\Foundation\\Http\\Middleware\\TransformsRequest->handle(Object(Illuminate\\Http\\Request), Object(Closure))
#40 /Users/mr/PhpstormProjects/book-review-portal/vendor/laravel/framework/src/Illuminate/Pipeline/Pipeline.php(167): Illuminate\\Foundation\\Http\\Middleware\\TrimStrings->handle(Object(Illuminate\\Http\\Request), Object(Closure))
#41 /Users/mr/PhpstormProjects/book-review-portal/vendor/laravel/framework/src/Illuminate/Foundation/Http/Middleware/ValidatePostSize.php(27): Illuminate\\Pipeline\\Pipeline->Illuminate\\Pipeline\\{closure}(Object(Illuminate\\Http\\Request))
#42 /Users/mr/PhpstormProjects/book-review-portal/vendor/laravel/framework/src/Illuminate/Pipeline/Pipeline.php(167): Illuminate\\Foundation\\Http\\Middleware\\ValidatePostSize->handle(Object(Illuminate\\Http\\Request), Object(Closure))
#43 /Users/mr/PhpstormProjects/book-review-portal/vendor/laravel/framework/src/Illuminate/Foundation/Http/Middleware/PreventRequestsDuringMaintenance.php(86): Illuminate\\Pipeline\\Pipeline->Illuminate\\Pipeline\\{closure}(Object(Illuminate\\Http\\Request))
#44 /Users/mr/PhpstormProjects/book-review-portal/vendor/laravel/framework/src/Illuminate/Pipeline/Pipeline.php(167): Illuminate\\Foundation\\Http\\Middleware\\PreventRequestsDuringMaintenance->handle(Object(Illuminate\\Http\\Request), Object(Closure))
#45 /Users/mr/PhpstormProjects/book-review-portal/vendor/fruitcake/laravel-cors/src/HandleCors.php(38): Illuminate\\Pipeline\\Pipeline->Illuminate\\Pipeline\\{closure}(Object(Illuminate\\Http\\Request))
#46 /Users/mr/PhpstormProjects/book-review-portal/vendor/laravel/framework/src/Illuminate/Pipeline/Pipeline.php(167): Fruitcake\\Cors\\HandleCors->handle(Object(Illuminate\\Http\\Request), Object(Closure))
#47 /Users/mr/PhpstormProjects/book-review-portal/vendor/laravel/framework/src/Illuminate/Http/Middleware/TrustProxies.php(39): Illuminate\\Pipeline\\Pipeline->Illuminate\\Pipeline\\{closure}(Object(Illuminate\\Http\\Request))
#48 /Users/mr/PhpstormProjects/book-review-portal/vendor/laravel/framework/src/Illuminate/Pipeline/Pipeline.php(167): Illuminate\\Http\\Middleware\\TrustProxies->handle(Object(Illuminate\\Http\\Request), Object(Closure))
#49 /Users/mr/PhpstormProjects/book-review-portal/vendor/laravel/framework/src/Illuminate/Pipeline/Pipeline.php(103): Illuminate\\Pipeline\\Pipeline->Illuminate\\Pipeline\\{closure}(Object(Illuminate\\Http\\Request))
#50 /Users/mr/PhpstormProjects/book-review-portal/vendor/laravel/framework/src/Illuminate/Foundation/Http/Kernel.php(142): Illuminate\\Pipeline\\Pipeline->then(Object(Closure))
#51 /Users/mr/PhpstormProjects/book-review-portal/vendor/laravel/framework/src/Illuminate/Foundation/Http/Kernel.php(111): Illuminate\\Foundation\\Http\\Kernel->sendRequestThroughRouter(Object(Illuminate\\Http\\Request))
#52 /Users/mr/PhpstormProjects/book-review-portal/public/index.php(55): Illuminate\\Foundation\\Http\\Kernel->handle(Object(Illuminate\\Http\\Request))
#53 /Users/mr/PhpstormProjects/book-review-portal/server.php(21): require_once('/Users/mr/Phpst...')
#54 {main}
"} 
[2025-11-17 05:52:11] laravel.EMERGENCY: Unable to create configured logger. Using emergency logger. {"exception":"[object] (InvalidArgumentException(code: 0): Log [] is not defined. at /Users/mr/PhpstormProjects/book-review-portal/vendor/laravel/framework/src/Illuminate/Log/LogManager.php:200)
[stacktrace]
#0 /Users/mr/PhpstormProjects/book-review-portal/vendor/laravel/framework/src/Illuminate/Log/LogManager.php(125): Illuminate\\Log\\LogManager->resolve(NULL, NULL)
#1 /Users/mr/PhpstormProjects/book-review-portal/vendor/laravel/framework/src/Illuminate/Log/LogManager.php(112): Illuminate\\Log\\LogManager->get(NULL)
#2 /Users/mr/PhpstormProjects/book-review-portal/vendor/laravel/framework/src/Illuminate/Log/LogManager.php(590): Illuminate\\Log\\LogManager->driver()
#3 /Users/mr/PhpstormProjects/book-review-portal/vendor/laravel/framework/src/Illuminate/Foundation/Exceptions/Handler.php(252): Illuminate\\Log\\LogManager->error('Argument 2 pass...', Array)
#4 /Users/mr/PhpstormProjects/book-review-portal/vendor/laravel/framework/src/Illuminate/Foundation/Bootstrap/HandleExceptions.php(165): Illuminate\\Foundation\\Exceptions\\Handler->report(Object(TypeError))
#5 [internal function]: Illuminate\\Foundation\\Bootstrap\\HandleExceptions->handleException(Object(TypeError))
#6 {main}
"} 
[2025-11-17 05:52:11] laravel.ERROR: Argument 2 passed to Illuminate\View\FileViewFinder::__construct() must be of the type array, null given, called in /Users/mr/PhpstormProjects/book-review-portal/vendor/laravel/framework/src/Illuminate/View/ViewServiceProvider.php on line 76 {"exception":"[object] (TypeError(code: 0): Argument 2 passed to Illuminate\\View\\FileViewFinder::__construct() must be of the type array, null given, called in /Users/mr/PhpstormProjects/book-review-portal/vendor/laravel/framework/src/Illuminate/View/ViewServiceProvider.php on line 76 at /Users/mr/PhpstormProjects/book-review-portal/vendor/laravel/framework/src/Illuminate/View/FileViewFinder.php:53)
[stacktrace]
#0 /Users/mr/PhpstormProjects/book-review-portal/vendor/laravel/framework/src/Illuminate/View/ViewServiceProvider.php(76): Illuminate\\View\\FileViewFinder->__construct(Object(Illuminate\\Filesystem\\Filesystem), NULL)
#1 /Users/mr/PhpstormProjects/book-review-portal/vendor/laravel/framework/src/Illuminate/Container/Container.php(873): Illuminate\\View\\ViewServiceProvider->Illuminate\\View\\{closure}(Object(Illuminate\\Foundation\\Application), Array)
#2 /Users/mr/PhpstormProjects/book-review-portal/vendor/laravel/framework/src/Illuminate/Container/Container.php(758): Illuminate\\Container\\Container->build(Object(Closure))
#3 /Users/mr/PhpstormProjects/book-review-portal/vendor/laravel/framework/src/Illuminate/Foundation/Application.php(853): Illuminate\\Container\\Container->resolve('view.finder', Array, true)
#4 /Users/mr/PhpstormProjects/book-review-portal/vendor/laravel/framework/src/Illuminate/Container/Container.php(694): Illuminate\\Foundation\\Application->resolve('view.finder', Array)
#5 /Users/mr/PhpstormProjects/book-review-portal/vendor/laravel/framework/src/Illuminate/Foundation/Application.php(838): Illuminate\\Container\\Container->make('view.finder', Array)
#6 /Users/mr/PhpstormProjects/book-review-portal/vendor/laravel/framework/src/Illuminate/Container/Container.php(1419): Illuminate\\Foundation\\Application->make('view.finder')
#7 /Users/mr/PhpstormProjects/book-review-portal/vendor/laravel/framework/src/Illuminate/View/ViewServiceProvider.php(40): Illuminate\\Container\\Container->offsetGet('view.finder')
#8 /Users/mr/PhpstormProjects/book-review-portal/vendor/laravel/framework/src/Illuminate/Container/Container.php(873): Illuminate\\View\\ViewServiceProvider->Illuminate\\View\\{closure}(Object(Illuminate\\Foundation\\Application), Array)
#9 /Users/mr/PhpstormProjects/book-review-portal/vendor/laravel/framework/src/Illuminate/Container/Container.php(758): Illuminate\\Container\\Container->build(Object(Closure))
#10 /Users/mr/PhpstormProjects/book-review-portal/vendor/laravel/framework/src/Illuminate/Foundation/Application.php(853): Illuminate\\Container\\Container->resolve('view', Array, true)
#11 /Users/mr/PhpstormProjects/book-review-portal/vendor/laravel/framework/src/Illuminate/Container/Container.php(694): Illuminate\\Foundation\\Application->resolve('view', Array)
#12 /Users/mr/PhpstormProjects/book-review-portal/vendor/laravel/framework/src/Illuminate/Foundation/Application.php(838): Illuminate\\Container\\Container->make('view', Array)
#13 /Users/mr/PhpstormProjects/book-review-portal/vendor/laravel/framework/src/Illuminate/Container/Container.php(1027): Illuminate\\Foundation\\Application->make('view')
#14 /Users/mr/PhpstormProjects/book-review-portal/vendor/laravel/framework/src/Illuminate/Container/Container.php(947): Illuminate\\Container\\Container->resolveClass(Object(ReflectionParameter))
#15 /Users/mr/PhpstormProjects/book-review-portal/vendor/laravel/framework/src/Illuminate/Container/Container.php(908): Illuminate\\Container\\Container->resolveDependencies(Array)
#16 /Users/mr/PhpstormProjects/book-review-portal/vendor/laravel/framework/src/Illuminate/Container/Container.php(758): Illuminate\\Container\\Container->build('Illuminate\\\\View...')
#17 /Users/mr/PhpstormProjects/book-review-portal/vendor/laravel/framework/src/Illuminate/Foundation/Application.php(853): Illuminate\\Container\\Container->resolve('Illuminate\\\\View...', Array, true)
#18 /Users/mr/PhpstormProjects/book-review-portal/vendor/laravel/framework/src/Illuminate/Container/Container.php(694): Illuminate\\Foundation\\Application->resolve('Illuminate\\\\View...', Array)
#19 /Users/mr/PhpstormProjects/book-review-portal/vendor/laravel/framework/src/Illuminate/Foundation/Application.php(838): Illuminate\\Container\\Container->make('Illuminate\\\\View...', Array)
#20 /Users/mr/PhpstormProjects/book-review-portal/vendor/laravel/framework/src/Illuminate/Foundation/Http/Kernel.php(206): Illuminate\\Foundation\\Application->make('Illuminate\\\\View...')
#21 /Users/mr/PhpstormProjects/book-review-portal/vendor/laravel/framework/src/Illuminate/Foundation/Http/Kernel.php(180): Illuminate\\Foundation\\Http\\Kernel->terminateMiddleware(Object(Illuminate\\Http\\Request), Object(Illuminate\\Http\\Response))
#22 /Users/mr/PhpstormProjects/book-review-portal/public/index.php(60): Illuminate\\Foundation\\Http\\Kernel->terminate(Object(Illuminate\\Http\\Request), Object(Illuminate\\Http\\Response))
#23 /Users/mr/PhpstormProjects/book-review-portal/server.php(21): require_once('/Users/mr/Phpst...')
#24 {main}
"} 
[2025-11-17 05:55:46] laravel.EMERGENCY: Unable to create configured logger. Using emergency logger. {"exception":"[object] (InvalidArgumentException(code: 0): Log [] is not defined. at /Users/mr/PhpstormProjects/book-review-portal/vendor/laravel/framework/src/Illuminate/Log/LogManager.php:200)
[stacktrace]
#0 /Users/mr/PhpstormProjects/book-review-portal/vendor/laravel/framework/src/Illuminate/Log/LogManager.php(125): Illuminate\\Log\\LogManager->resolve(NULL, NULL)
#1 /Users/mr/PhpstormProjects/book-review-portal/vendor/laravel/framework/src/Illuminate/Log/LogManager.php(112): Illuminate\\Log\\LogManager->get(NULL)
#2 /Users/mr/PhpstormProjects/book-review-portal/vendor/laravel/framework/src/Illuminate/Log/LogManager.php(590): Illuminate\\Log\\LogManager->driver()
#3 /Users/mr/PhpstormProjects/book-review-portal/vendor/laravel/framework/src/Illuminate/Foundation/Exceptions/Handler.php(252): Illuminate\\Log\\LogManager->error('Call to undefin...', Array)
#4 /Users/mr/PhpstormProjects/book-review-portal/vendor/laravel/framework/src/Illuminate/Routing/Pipeline.php(49): Illuminate\\Foundation\\Exceptions\\Handler->report(Object(Error))
#5 /Users/mr/PhpstormProjects/book-review-portal/vendor/laravel/framework/src/Illuminate/Pipeline/Pipeline.php(130): Illuminate\\Routing\\Pipeline->handleException(Object(Illuminate\\Http\\Request), Object(Error))
#6 /Users/mr/PhpstormProjects/book-review-portal/vendor/laravel/framework/src/Illuminate/Foundation/Http/Middleware/TransformsRequest.php(21): Illuminate\\Pipeline\\Pipeline->Illuminate\\Pipeline\\{closure}(Object(Illuminate\\Http\\Request))
#7 /Users/mr/PhpstormProjects/book-review-portal/vendor/laravel/framework/src/Illuminate/Foundation/Http/Middleware/ConvertEmptyStringsToNull.php(31): Illuminate\\Foundation\\Http\\Middleware\\TransformsRequest->handle(Object(Illuminate\\Http\\Request), Object(Closure))
#8 /Users/mr/PhpstormProjects/book-review-portal/vendor/laravel/framework/src/Illuminate/Pipeline/Pipeline.php(167): Illuminate\\Foundation\\Http\\Middleware\\ConvertEmptyStringsToNull->handle(Object(Illuminate\\Http\\Request), Object(Closure))
#9 /Users/mr/PhpstormProjects/book-review-portal/vendor/laravel/framework/src/Illuminate/Foundation/Http/Middleware/TransformsRequest.php(21): Illuminate\\Pipeline\\Pipeline->Illuminate\\Pipeline\\{closure}(Object(Illuminate\\Http\\Request))
#10 /Users/mr/PhpstormProjects/book-review-portal/vendor/laravel/framework/src/Illuminate/Foundation/Http/Middleware/TrimStrings.php(40): Illuminate\\Foundation\\Http\\Middleware\\TransformsRequest->handle(Object(Illuminate\\Http\\Request), Object(Closure))
#11 /Users/mr/PhpstormProjects/book-review-portal/vendor/laravel/framework/src/Illuminate/Pipeline/Pipeline.php(167): Illuminate\\Foundation\\Http\\Middleware\\TrimStrings->handle(Object(Illuminate\\Http\\Request), Object(Closure))
#12 /Users/mr/PhpstormProjects/book-review-portal/vendor/laravel/framework/src/Illuminate/Foundation/Http/Middleware/ValidatePostSize.php(27): Illuminate\\Pipeline\\Pipeline->Illuminate\\Pipeline\\{closure}(Object(Illuminate\\Http\\Request))
#13 /Users/mr/PhpstormProjects/book-review-portal/vendor/laravel/framework/src/Illuminate/Pipeline/Pipeline.php(167): Illuminate\\Foundation\\Http\\Middleware\\ValidatePostSize->handle(Object(Illuminate\\Http\\Request), Object(Closure))
#14 /Users/mr/PhpstormProjects/book-review-portal/vendor/laravel/framework/src/Illuminate/Foundation/Http/Middleware/PreventRequestsDuringMaintenance.php(86): Illuminate\\Pipeline\\Pipeline->Illuminate\\Pipeline\\{closure}(Object(Illuminate\\Http\\Request))
#15 /Users/mr/PhpstormProjects/book-review-portal/vendor/laravel/framework/src/Illuminate/Pipeline/Pipeline.php(167): Illuminate\\Foundation\\Http\\Middleware\\PreventRequestsDuringMaintenance->handle(Object(Illuminate\\Http\\Request), Object(Closure))
#16 /Users/mr/PhpstormProjects/book-review-portal/vendor/fruitcake/laravel-cors/src/HandleCors.php(38): Illuminate\\Pipeline\\Pipeline->Illuminate\\Pipeline\\{closure}(Object(Illuminate\\Http\\Request))
#17 /Users/mr/PhpstormProjects/book-review-portal/vendor/laravel/framework/src/Illuminate/Pipeline/Pipeline.php(167): Fruitcake\\Cors\\HandleCors->handle(Object(Illuminate\\Http\\Request), Object(Closure))
#18 /Users/mr/PhpstormProjects/book-review-portal/vendor/laravel/framework/src/Illuminate/Http/Middleware/TrustProxies.php(39): Illuminate\\Pipeline\\Pipeline->Illuminate\\Pipeline\\{closure}(Object(Illuminate\\Http\\Request))
#19 /Users/mr/PhpstormProjects/book-review-portal/vendor/laravel/framework/src/Illuminate/Pipeline/Pipeline.php(167): Illuminate\\Http\\Middleware\\TrustProxies->handle(Object(Illuminate\\Http\\Request), Object(Closure))
#20 /Users/mr/PhpstormProjects/book-review-portal/vendor/laravel/framework/src/Illuminate/Pipeline/Pipeline.php(103): Illuminate\\Pipeline\\Pipeline->Illuminate\\Pipeline\\{closure}(Object(Illuminate\\Http\\Request))
#21 /Users/mr/PhpstormProjects/book-review-portal/vendor/laravel/framework/src/Illuminate/Foundation/Http/Kernel.php(142): Illuminate\\Pipeline\\Pipeline->then(Object(Closure))
#22 /Users/mr/PhpstormProjects/book-review-portal/vendor/laravel/framework/src/Illuminate/Foundation/Http/Kernel.php(111): Illuminate\\Foundation\\Http\\Kernel->sendRequestThroughRouter(Object(Illuminate\\Http\\Request))
#23 /Users/mr/PhpstormProjects/book-review-portal/public/index.php(55): Illuminate\\Foundation\\Http\\Kernel->handle(Object(Illuminate\\Http\\Request))
#24 /Users/mr/PhpstormProjects/book-review-portal/server.php(21): require_once('/Users/mr/Phpst...')
#25 {main}
"} 
[2025-11-17 05:55:46] laravel.ERROR: Call to undefined method App\Http\Controllers\AdminController::middleware() {"exception":"[object] (Error(code: 0): Call to undefined method App\\Http\\Controllers\\AdminController::middleware() at /Users/mr/PhpstormProjects/book-review-portal/app/Http/Controllers/AdminController.php:14)
[stacktrace]
#0 [internal function]: App\\Http\\Controllers\\AdminController->__construct()
#1 /Users/mr/PhpstormProjects/book-review-portal/vendor/laravel/framework/src/Illuminate/Container/Container.php(917): ReflectionClass->newInstanceArgs(Array)
#2 /Users/mr/PhpstormProjects/book-review-portal/vendor/laravel/framework/src/Illuminate/Container/Container.php(758): Illuminate\\Container\\Container->build('App\\\\Http\\\\Contro...')
#3 /Users/mr/PhpstormProjects/book-review-portal/vendor/laravel/framework/src/Illuminate/Foundation/Application.php(853): Illuminate\\Container\\Container->resolve('App\\\\Http\\\\Contro...', Array, true)
#4 /Users/mr/PhpstormProjects/book-review-portal/vendor/laravel/framework/src/Illuminate/Container/Container.php(694): Illuminate\\Foundation\\Application->resolve('App\\\\Http\\\\Contro...', Array)
#5 /Users/mr/PhpstormProjects/book-review-portal/vendor/laravel/framework/src/Illuminate/Foundation/Application.php(838): Illuminate\\Container\\Container->make('App\\\\Http\\\\Contro...', Array)
#6 /Users/mr/PhpstormProjects/book-review-portal/vendor/laravel/framework/src/Illuminate/Routing/Route.php(276): Illuminate\\Foundation\\Application->make('App\\\\Http\\\\Contro...')
#7 /Users/mr/PhpstormProjects/book-review-portal/vendor/laravel/framework/src/Illuminate/Routing/Route.php(1080): Illuminate\\Routing\\Route->getController()
#8 /Users/mr/PhpstormProjects/book-review-portal/vendor/laravel/framework/src/Illuminate/Routing/Route.php(1023): Illuminate\\Routing\\Route->controllerMiddleware()
#9 /Users/mr/PhpstormProjects/book-review-portal/vendor/laravel/framework/src/Illuminate/Routing/Router.php(734): Illuminate\\Routing\\Route->gatherMiddleware()
#10 /Users/mr/PhpstormProjects/book-review-portal/vendor/laravel/framework/src/Illuminate/Routing/Router.php(714): Illuminate\\Routing\\Router->gatherRouteMiddleware(Object(Illuminate\\Routing\\Route))
#11 /Users/mr/PhpstormProjects/book-review-portal/vendor/laravel/framework/src/Illuminate/Routing/Router.php(698): Illuminate\\Routing\\Router->runRouteWithinStack(Object(Illuminate\\Routing\\Route), Object(Illuminate\\Http\\Request))
#12 /Users/mr/PhpstormProjects/book-review-portal/vendor/laravel/framework/src/Illuminate/Routing/Router.php(662): Illuminate\\Routing\\Router->runRoute(Object(Illuminate\\Http\\Request), Object(Illuminate\\Routing\\Route))
#13 /Users/mr/PhpstormProjects/book-review-portal/vendor/laravel/framework/src/Illuminate/Routing/Router.php(651): Illuminate\\Routing\\Router->dispatchToRoute(Object(Illuminate\\Http\\Request))
#14 /Users/mr/PhpstormProjects/book-review-portal/vendor/laravel/framework/src/Illuminate/Foundation/Http/Kernel.php(167): Illuminate\\Routing\\Router->dispatch(Object(Illuminate\\Http\\Request))
#15 /Users/mr/PhpstormProjects/book-review-portal/vendor/laravel/framework/src/Illuminate/Pipeline/Pipeline.php(128): Illuminate\\Foundation\\Http\\Kernel->Illuminate\\Foundation\\Http\\{closure}(Object(Illuminate\\Http\\Request))
#16 /Users/mr/PhpstormProjects/book-review-portal/vendor/laravel/framework/src/Illuminate/Foundation/Http/Middleware/TransformsRequest.php(21): Illuminate\\Pipeline\\Pipeline->Illuminate\\Pipeline\\{closure}(Object(Illuminate\\Http\\Request))
#17 /Users/mr/PhpstormProjects/book-review-portal/vendor/laravel/framework/src/Illuminate/Foundation/Http/Middleware/ConvertEmptyStringsToNull.php(31): Illuminate\\Foundation\\Http\\Middleware\\TransformsRequest->handle(Object(Illuminate\\Http\\Request), Object(Closure))
#18 /Users/mr/PhpstormProjects/book-review-portal/vendor/laravel/framework/src/Illuminate/Pipeline/Pipeline.php(167): Illuminate\\Foundation\\Http\\Middleware\\ConvertEmptyStringsToNull->handle(Object(Illuminate\\Http\\Request), Object(Closure))
#19 /Users/mr/PhpstormProjects/book-review-portal/vendor/laravel/framework/src/Illuminate/Foundation/Http/Middleware/TransformsRequest.php(21): Illuminate\\Pipeline\\Pipeline->Illuminate\\Pipeline\\{closure}(Object(Illuminate\\Http\\Request))
#20 /Users/mr/PhpstormProjects/book-review-portal/vendor/laravel/framework/src/Illuminate/Foundation/Http/Middleware/TrimStrings.php(40): Illuminate\\Foundation\\Http\\Middleware\\TransformsRequest->handle(Object(Illuminate\\Http\\Request), Object(Closure))
#21 /Users/mr/PhpstormProjects/book-review-portal/vendor/laravel/framework/src/Illuminate/Pipeline/Pipeline.php(167): Illuminate\\Foundation\\Http\\Middleware\\TrimStrings->handle(Object(Illuminate\\Http\\Request), Object(Closure))
#22 /Users/mr/PhpstormProjects/book-review-portal/vendor/laravel/framework/src/Illuminate/Foundation/Http/Middleware/ValidatePostSize.php(27): Illuminate\\Pipeline\\Pipeline->Illuminate\\Pipeline\\{closure}(Object(Illuminate\\Http\\Request))
#23 /Users/mr/PhpstormProjects/book-review-portal/vendor/laravel/framework/src/Illuminate/Pipeline/Pipeline.php(167): Illuminate\\Foundation\\Http\\Middleware\\ValidatePostSize->handle(Object(Illuminate\\Http\\Request), Object(Closure))
#24 /Users/mr/PhpstormProjects/book-review-portal/vendor/laravel/framework/src/Illuminate/Foundation/Http/Middleware/PreventRequestsDuringMaintenance.php(86): Illuminate\\Pipeline\\Pipeline->Illuminate\\Pipeline\\{closure}(Object(Illuminate\\Http\\Request))
#25 /Users/mr/PhpstormProjects/book-review-portal/vendor/laravel/framework/src/Illuminate/Pipeline/Pipeline.php(167): Illuminate\\Foundation\\Http\\Middleware\\PreventRequestsDuringMaintenance->handle(Object(Illuminate\\Http\\Request), Object(Closure))
#26 /Users/mr/PhpstormProjects/book-review-portal/vendor/fruitcake/laravel-cors/src/HandleCors.php(38): Illuminate\\Pipeline\\Pipeline->Illuminate\\Pipeline\\{closure}(Object(Illuminate\\Http\\Request))
#27 /Users/mr/PhpstormProjects/book-review-portal/vendor/laravel/framework/src/Illuminate/Pipeline/Pipeline.php(167): Fruitcake\\Cors\\HandleCors->handle(Object(Illuminate\\Http\\Request), Object(Closure))
#28 /Users/mr/PhpstormProjects/book-review-portal/vendor/laravel/framework/src/Illuminate/Http/Middleware/TrustProxies.php(39): Illuminate\\Pipeline\\Pipeline->Illuminate\\Pipeline\\{closure}(Object(Illuminate\\Http\\Request))
#29 /Users/mr/PhpstormProjects/book-review-portal/vendor/laravel/framework/src/Illuminate/Pipeline/Pipeline.php(167): Illuminate\\Http\\Middleware\\TrustProxies->handle(Object(Illuminate\\Http\\Request), Object(Closure))
#30 /Users/mr/PhpstormProjects/book-review-portal/vendor/laravel/framework/src/Illuminate/Pipeline/Pipeline.php(103): Illuminate\\Pipeline\\Pipeline->Illuminate\\Pipeline\\{closure}(Object(Illuminate\\Http\\Request))
#31 /Users/mr/PhpstormProjects/book-review-portal/vendor/laravel/framework/src/Illuminate/Foundation/Http/Kernel.php(142): Illuminate\\Pipeline\\Pipeline->then(Object(Closure))
#32 /Users/mr/PhpstormProjects/book-review-portal/vendor/laravel/framework/src/Illuminate/Foundation/Http/Kernel.php(111): Illuminate\\Foundation\\Http\\Kernel->sendRequestThroughRouter(Object(Illuminate\\Http\\Request))
#33 /Users/mr/PhpstormProjects/book-review-portal/public/index.php(55): Illuminate\\Foundation\\Http\\Kernel->handle(Object(Illuminate\\Http\\Request))
#34 /Users/mr/PhpstormProjects/book-review-portal/server.php(21): require_once('/Users/mr/Phpst...')
#35 {main}
"} 
